DeMarcus Cousins,Sacramento Kings,7,12.64(12.64),11.147(11.147),1.173(1.173),14.827(14.827),19.36(19.36),16.427(16.427),2.507(2.507),5.227(5.227),2.507(2.507),6.987(6.987)
Stephen Curry,Golden State Warriors,11,20.11(20.11),10.005(10.005),26.182(26.182),0.747(0.747),0(0),9.059(9.059),4.729(4.729),5.973(5.973),14.186(14.186),1.593(1.593)
James Harden,Houston Rockets,2,21.008(21.008),24.167(24.167),25.875(25.875),0(0),4.782(4.782),8.155(8.155),3.715(3.715),1.665(1.665),3.416(3.416),1.238(1.238)
Damian Lillard,Portland Trail Blazers,3,10.49(10.49),17.238(17.238),42.963(42.963),0(0),0(0),8.013(8.013),6.589(6.589),3.11(3.11),5.588(5.588),0.949(0.949)
Kevin Durant,Oklahoma City Thunder,11,15.128(15.128),14.91(14.91),19.006(19.006),5.462(5.462),8.138(8.138),11.032(11.032),2.185(2.185),3.987(3.987),14.145(14.145),1.256(1.256)
Anthony Davis,New Orleans Pelicans,7,8.059(8.059),8.69(8.69),0(0),24.667(24.667),18.36(18.36),13.034(13.034),0.981(0.981),7.498(7.498),6.517(6.517),6.447(6.447)
LeBron James,Cleveland Cavaliers,6,19.45(19.45),19.073(19.073),21.552(21.552),3.61(3.61),10.614(10.614),6.681(6.681),1.886(1.886),5.657(5.657),2.101(2.101),3.61(3.61)
Carmelo Anthony,New York Knicks,6,8.137(8.137),23.689(23.689),13.14(13.14),1.748(1.748),22.242(22.242),11.453(11.453),2.592(2.592),3.134(3.134),3.978(3.978),4.159(4.159)
Russell Westbrook,Oklahoma City Thunder,8,23.284(23.284),12.451(12.451),35.392(35.392),0(0),9.314(9.314),6.912(6.912),2.304(2.304),1.863(1.863),0.98(0.98),2.99(2.99)
Paul George,Indiana Pacers,11,16.174(16.174),13.997(13.997),21.151(21.151),1.14(1.14),3.37(3.37),11.249(11.249),5.34(5.34),3.681(3.681),16.019(16.019),1.97(1.97)
CJ McCollum,Portland Trail Blazers,12,13.097(13.097),11.35(11.35),37.369(37.369),0(0),0(0),14.785(14.785),7.8(7.8),2.212(2.212),7.974(7.974),1.222(1.222)
DeMar DeRozan,Toronto Raptors,8,7.911(7.911),16.148(16.148),32.351(32.351),0(0),8.456(8.456),10.638(10.638),4.201(4.201),1.582(1.582),13.584(13.584),1.2(1.2)
John Wall,Washington Wizards,12,23.549(23.549),11.161(11.161),40.234(40.234),0(0),0.893(0.893),12.835(12.835),2.511(2.511),0.893(0.893),1.563(1.563),1.004(1.004)
Klay Thompson,Golden State Warriors,11,17.545(17.545),5.022(5.022),7.13(7.13),0.868(0.868),3.658(3.658),17.049(17.049),3.596(3.596),8.431(8.431),30.998(30.998),1.178(1.178)
Blake Griffin,Los Angeles Clippers,7,11.083(11.083),9.407(9.407),5.67(5.67),21.005(21.005),21.263(21.263),13.273(13.273),0(0),5.412(5.412),2.706(2.706),3.608(3.608)
Brandon Knight,Phoenix Suns,3,12.861(12.861),10.411(10.411),42.695(42.695),0(0),0(0),13.998(13.998),7.437(7.437),2.362(2.362),5.074(5.074),1.05(1.05)
Isaiah Thomas,Boston Celtics,12,22.792(22.792),7.961(7.961),30.971(30.971),0(0),0(0),13.304(13.304),9.324(9.324),1.745(1.745),8.561(8.561),0.927(0.927)
Kobe Bryant,Los Angeles Lakers,2,9.62(9.62),19.91(19.91),20.955(20.955),0.895(0.895),13.646(13.646),12.677(12.677),6.935(6.935),1.79(1.79),7.233(7.233),1.939(1.939)
Kyrie Irving,Cleveland Cavaliers,3,13.084(13.084),14.299(14.299),43.551(43.551),0(0),1.869(1.869),10.654(10.654),4.299(4.299),1.308(1.308),4.299(4.299),1.402(1.402)
Kemba Walker,Charlotte Hornets,3,13.795(13.795),7.697(7.697),46.714(46.714),0(0),0(0),13.973(13.973),5.98(5.98),1.954(1.954),3.256(3.256),1.303(1.303)
Dwyane Wade,Miami Heat,8,12.763(12.763),10.976(10.976),34.844(34.844),0(0),10.53(10.53),7.275(7.275),4.403(4.403),5.041(5.041),5.552(5.552),3.765(3.765)
Nikola Vucevic,Orlando Magic,7,5.122(5.122),7.154(7.154),0.894(0.894),18.374(18.374),28.293(28.293),13.415(13.415),0.894(0.894),9.594(9.594),1.545(1.545),9.512(9.512)
Andrew Wiggins,Minnesota Timberwolves,11,11.727(11.727),10.225(10.225),18.891(18.891),2.831(2.831),12.016(12.016),9.879(9.879),6.701(6.701),5.488(5.488),14.5(14.5),4.448(4.448)
Derrick Rose,Chicago Bulls,3,14.595(14.595),9.73(9.73),43.475(43.475),0(0),0(0),16.68(16.68),3.552(3.552),3.475(3.475),1.313(1.313),2.162(2.162)
Eric Bledsoe,Phoenix Suns,12,18.732(18.732),13.127(13.127),38.201(38.201),0(0),1.622(1.622),12.242(12.242),2.655(2.655),1.622(1.622),4.425(4.425),0(0)
Brook Lopez,Brooklyn Nets,7,3.654(3.654),6.578(6.578),0(0),21.196(21.196),29.767(29.767),8.505(8.505),0.731(0.731),13.688(13.688),1.262(1.262),9.9(9.9)
Reggie Jackson,Detroit Pistons,3,13.217(13.217),11.409(11.409),55.86(55.86),0(0),0(0),8.167(8.167),2.057(2.057),1.06(1.06),1.247(1.247),1.309(1.309)
Kyle Lowry,Toronto Raptors,12,16.82(16.82),9.761(9.761),35.727(35.727),0.737(0.737),1.842(1.842),15.715(15.715),5.463(5.463),0.675(0.675),6.139(6.139),1.166(1.166)
Jimmy Butler,Chicago Bulls,8,12.146(12.146),12.291(12.291),31.709(31.709),0.873(0.873),5.673(5.673),10.618(10.618),5.527(5.527),9.164(9.164),4.945(4.945),2.691(2.691)
Kawhi Leonard,San Antonio Spurs,4,12.83(12.83),11.774(11.774),13.66(13.66),1.057(1.057),12.981(12.981),23.472(23.472),6.415(6.415),4.302(4.302),6.566(6.566),3.472(3.472)
Chris Paul,,3,12.89(12.89),15.246(15.246),51.906(51.906),0(0),1.386(1.386),6.237(6.237),3.257(3.257),0(0),0.901(0.901),0.97(0.97)
Gordon Hayward,Utah Jazz,1,13.574(13.574),10.959(10.959),24.409(24.409),0.872(0.872),2.055(2.055),19.489(19.489),11.519(11.519),3.861(3.861),7.534(7.534),1.993(1.993)
Dirk Nowitzki,Dallas Mavericks,7,4.642(4.642),4.642(4.642),0(0),18.569(18.569),29.604(29.604),22.222(22.222),0.761(0.761),3.196(3.196),8.6(8.6),2.664(2.664)
Jahlil Okafor,Philadelphia 76ers,7,6.599(6.599),18.985(18.985),0(0),13.096(13.096),31.98(31.98),4.569(4.569),0(0),11.066(11.066),0(0),8.528(8.528)
Bradley Beal,Washington Wizards,11,17.454(17.454),5.955(5.955),29.466(29.466),0(0),0(0),13.244(13.244),7.187(7.187),3.388(3.388),15.195(15.195),1.437(1.437)
Khris Middleton,Milwaukee Bucks,11,13.555(13.555),11.134(11.134),18.05(18.05),1.729(1.729),8.091(8.091),16.39(16.39),10.304(10.304),2.075(2.075),11.826(11.826),1.314(1.314)
Chris Bosh,Miami Heat,0,4.564(4.564),13.382(13.382),1.141(1.141),24.378(24.378),8.61(8.61),26.971(26.971),1.245(1.245),4.564(4.564),7.469(7.469),3.008(3.008)
Rudy Gay,Sacramento Kings,4,18.276(18.276),15.403(15.403),7.023(7.023),4.948(4.948),10.535(10.535),19.473(19.473),2.235(2.235),5.986(5.986),5.906(5.906),6.385(6.385)
Jrue Holiday,New Orleans Pelicans,3,10.451(10.451),8.779(8.779),51.672(51.672),0(0),1.421(1.421),8.612(8.612),5.602(5.602),2.007(2.007),3.846(3.846),1.338(1.338)
LaMarcus Aldridge,San Antonio Spurs,7,4.844(4.844),1.172(1.172),0(0),20.156(20.156),33.672(33.672),15.625(15.625),0(0),8.984(8.984),2.734(2.734),9.844(9.844)
Karl-Anthony Towns,Minnesota Timberwolves,7,7.331(7.331),6.639(6.639),0(0),24.758(24.758),17.358(17.358),11.065(11.065),0(0),8.022(8.022),5.602(5.602),11.549(11.549)
Ryan Anderson,New Orleans Pelicans,0,8.348(8.348),9.246(9.246),2.334(2.334),15.081(15.081),17.504(17.504),20.108(20.108),1.347(1.347),2.603(2.603),10.233(10.233),9.425(9.425)
Jordan Clarkson,Los Angeles Lakers,12,15.42(15.42),9.977(9.977),35.979(35.979),0(0),0.756(0.756),13.605(13.605),5.896(5.896),5.367(5.367),5.745(5.745),3.25(3.25)
Pau Gasol,Chicago Bulls,7,4.973(4.973),5.828(5.828),0(0),21.212(21.212),20.668(20.668),20.202(20.202),0(0),7.226(7.226),1.709(1.709),8.702(8.702)
Marc Gasol,Memphis Grizzlies,7,1.923(1.923),5.556(5.556),0(0),22.115(22.115),40.171(40.171),10.47(10.47),0(0),8.226(8.226),1.389(1.389),3.205(3.205)
Avery Bradley,Boston Celtics,11,20.034(20.034),3.888(3.888),13.525(13.525),0(0),0(0),20.287(20.287),17.16(17.16),4.565(4.565),14.624(14.624),1.86(1.86)
Victor Oladipo,Orlando Magic,12,17.863(17.863),7.259(7.259),32.463(32.463),0(0),0(0),17.537(17.537),8.646(8.646),4.649(4.649),4.649(4.649),1.876(1.876)
Zach Randolph,Memphis Grizzlies,7,3.074(3.074),15.823(15.823),0(0),9.675(9.675),36.166(36.166),10.036(10.036),0(0),6.239(6.239),1.266(1.266),11.664(11.664)
Emmanuel Mudiay,Denver Nuggets,3,15.283(15.283),6.656(6.656),42.974(42.974),0(0),2.794(2.794),14.955(14.955),4.766(4.766),2.876(2.876),3.533(3.533),1.397(1.397)
Danilo Gallinari,Denver Nuggets,4,9.907(9.907),18.885(18.885),11.971(11.971),4.025(4.025),8.462(8.462),21.259(21.259),6.605(6.605),5.366(5.366),4.747(4.747),3.509(3.509)
Thaddeus Young,Brooklyn Nets,7,16.112(16.112),8.355(8.355),2.131(2.131),18.073(18.073),15.942(15.942),9.292(9.292),0(0),15.942(15.942),1.194(1.194),8.781(8.781)
Paul Millsap,Atlanta Hawks,0,10.856(10.856),7.864(7.864),1.461(1.461),17.954(17.954),16.006(16.006),19.415(19.415),0.905(0.905),11.691(11.691),3.201(3.201),5.846(5.846)
Derrick Favors,Utah Jazz,7,3.617(3.617),2.542(2.542),0(0),22.092(22.092),22.581(22.581),10.655(10.655),0(0),22.678(22.678),0(0),8.602(8.602)
Andre Drummond,Detroit Pistons,7,6.038(6.038),3.596(3.596),0(0),13.161(13.161),27.476(27.476),1.493(1.493),0(0),12.415(12.415),0(0),23.27(23.27)
Al Horford,,0,0(0),0(0),0(0),0(0),0(0),0(0),0(0),0(0),0(0),0(0)
Kevin Love,Cleveland Cavaliers,0,9.04(9.04),3.331(3.331),0(0),15.305(15.305),24.584(24.584),26.328(26.328),1.507(1.507),4.282(4.282),4.6(4.6),5.63(5.63)
Giannis Antetokounmpo,Milwaukee Bucks,6,20.414(20.414),15.489(15.489),9.993(9.993),2.498(2.498),8.137(8.137),16.488(16.488),2.498(2.498),10.921(10.921),1.071(1.071),5.996(5.996)
Monta Ellis,Indiana Pacers,12,17.481(17.481),7.328(7.328),38.321(38.321),0(0),0(0),14.656(14.656),6.718(6.718),1.908(1.908),5.649(5.649),1.374(1.374)
Kentavious Caldwell-Pope,Detroit Pistons,1,22.184(22.184),4.987(4.987),22.356(22.356),0(0),0(0),25.537(25.537),5.245(5.245),3.181(3.181),8.083(8.083),3.439(3.439)
Tyreke Evans,,3,14.554(14.554),17.371(17.371),38.967(38.967),0(0),0(0),11.268(11.268),6.808(6.808),0(0),0(0),2.347(2.347)
Ish Smith,,3,16.609(16.609),10.727(10.727),45.675(45.675),0(0),0(0),15.225(15.225),4.13(4.13),0(0),1.304(1.304),1.304(1.304)
Nicolas Batum,Charlotte Hornets,11,10.568(10.568),9.345(9.345),22.707(22.707),0(0),4.978(4.978),13.275(13.275),12.14(12.14),2.445(2.445),15.983(15.983),2.183(2.183)
Mike Conley,Memphis Grizzlies,3,11.353(11.353),6.422(6.422),43.349(43.349),0(0),0(0),12.5(12.5),9.404(9.404),2.638(2.638),8.028(8.028),1.376(1.376)
Jeff Teague,Atlanta Hawks,3,17.375(17.375),13.945(13.945),40.641(40.641),0(0),0.969(0.969),10.291(10.291),5.518(5.518),1.566(1.566),3.281(3.281),0(0)
Rodney Hood,Utah Jazz,10,7.77(7.77),8.699(8.699),29.307(29.307),0(0),2.449(2.449),28.547(28.547),11.064(11.064),2.027(2.027),4.054(4.054),1.605(1.605)
Kristaps Porzingis,New York Knicks,0,7.156(7.156),6.082(6.082),1.163(1.163),13.685(13.685),15.027(15.027),24.776(24.776),0(0),10.733(10.733),7.513(7.513),7.245(7.245)
Goran Dragic,Miami Heat,12,20.599(20.599),6.162(6.162),37.94(37.94),0(0),0(0),15.757(15.757),5.81(5.81),2.729(2.729),3.785(3.785),2.289(2.289)
Eric Gordon,New Orleans Pelicans,1,16.248(16.248),6.942(6.942),26.44(26.44),0(0),0(0),27.622(27.622),6.647(6.647),1.477(1.477),11.078(11.078),0(0)
Will Barton,Denver Nuggets,1,22.267(22.267),7.423(7.423),23.98(23.98),0(0),0.816(0.816),22.594(22.594),7.015(7.015),3.997(3.997),3.181(3.181),3.263(3.263)
D'Angelo Russell,Los Angeles Lakers,12,15.777(15.777),5.906(5.906),38.269(38.269),0(0),6.149(6.149),15.453(15.453),4.531(4.531),3.884(3.884),2.913(2.913),2.023(2.023)
Greg Monroe,Milwaukee Bucks,7,5.403(5.403),5.154(5.154),0(0),10.806(10.806),33.832(33.832),6.234(6.234),0(0),17.623(17.623),1.081(1.081),14.131(14.131)
Deron Williams,Dallas Mavericks,8,10.454(10.454),11.045(11.045),27.613(27.613),0(0),8.58(8.58),16.667(16.667),5.819(5.819),1.775(1.775),11.538(11.538),0(0)
Jamal Crawford,,2,11.845(11.845),22.403(22.403),29.614(29.614),0(0),0(0),18.026(18.026),8.755(8.755),0(0),3.348(3.348),0.944(0.944)
Marcus Morris,Detroit Pistons,4,11.009(11.009),14.595(14.595),12.26(12.26),4.254(4.254),13.762(13.762),22.686(22.686),3.336(3.336),2.002(2.002),4.837(4.837),4.337(4.337)
Jabari Parker,Milwaukee Bucks,4,18.19(18.19),9.14(9.14),6.004(6.004),4.928(4.928),7.079(7.079),22.491(22.491),1.792(1.792),17.204(17.204),2.419(2.419),6.272(6.272)
Evan Fournier,Orlando Magic,1,16.01(16.01),5.051(5.051),21.832(21.832),0(0),0(0),24.829(24.829),8.647(8.647),4.452(4.452),12.586(12.586),1.455(1.455)
JJ Redick,Los Angeles Clippers,11,12.176(12.176),2.493(2.493),5.465(5.465),0(0),0(0),16.587(16.587),18.504(18.504),1.438(1.438),38.734(38.734),0(0)
Zach LaVine,Minnesota Timberwolves,12,21.524(21.524),8.208(8.208),29.062(29.062),0(0),0(0),14.07(14.07),10.72(10.72),1.926(1.926),7.286(7.286),1.424(1.424)
Tobias Harris,Detroit Pistons,4,12.048(12.048),10.843(10.843),8.676(8.676),6.324(6.324),8.434(8.434),26.747(26.747),3.088(3.088),3.133(3.133),2.41(2.41),4.337(4.337)
Devin Booker,Phoenix Suns,11,18.607(18.607),6.173(6.173),26.808(26.808),0(0),3.263(3.263),11.376(11.376),7.231(7.231),4.056(4.056),13.316(13.316),1.058(1.058)
Arron Afflalo,New York Knicks,4,13.183(13.183),8.789(8.789),8.039(8.039),0(0),16.935(16.935),23.365(23.365),6.967(6.967),3.323(3.323),14.898(14.898),0(0)
Markieff Morris,Washington Wizards,0,6.939(6.939),5.382(5.382),2.313(2.313),15.864(15.864),15.864(15.864),14.769(14.769),0(0),5.949(5.949),6.799(6.799),4.804(4.804)
Jarrett Jack,,3,10.931(10.931),10.122(10.122),43.927(43.927),0(0),0(0),18.421(18.421),4.656(4.656),0(0),2.834(2.834),0(0)
Serge Ibaka,Oklahoma City Thunder,0,12.439(12.439),1.749(1.749),0(0),26.919(26.919),3.013(3.013),29.835(29.835),0(0),10.01(10.01),2.041(2.041),6.9(6.9)
Jae Crowder,Boston Celtics,9,20.7(20.7),2.1(2.1),7.3(7.3),3.8(3.8),3.5(3.5),33.0(33.0),6.5(6.5),5.6(5.6),7.4(7.4),3.5(3.5)
J.R. Smith,Cleveland Cavaliers,9,15.303(15.303),12.752(12.752),7.864(7.864),0(0),1.275(1.275),33.688(33.688),4.57(4.57),1.807(1.807),16.578(16.578),0(0)
Wesley Matthews,Dallas Mavericks,9,10.909(10.909),5.758(5.758),9.192(9.192),1.313(1.313),9.899(9.899),36.162(36.162),6.566(6.566),2.727(2.727),11.919(11.919),1.111(1.111)
Rajon Rondo,Sacramento Kings,12,19.806(19.806),7.394(7.394),39.261(39.261),0(0),0(0),15.405(15.405),2.377(2.377),3.785(3.785),0(0),2.465(2.465)
Alec Burks,,0,0(0),0(0),0(0),0(0),0(0),0(0),0(0),0(0),0(0),0(0)
Norris Cole,,3,16.923(16.923),3.761(3.761),47.692(47.692),0(0),0(0),16.41(16.41),7.009(7.009),0(0),0(0),0(0)
Al Jefferson,,0,0(0),0(0),0(0),0(0),0(0),0(0),0(0),0(0),0(0),0(0)
Chandler Parsons,Dallas Mavericks,1,15.509(15.509),7.692(7.692),18.61(18.61),1.241(1.241),3.102(3.102),28.164(28.164),4.963(4.963),5.583(5.583),9.057(9.057),1.613(1.613)
Robert Covington,Philadelphia 76ers,9,20.022(20.022),4.113(4.113),4.545(4.545),5.519(5.519),0(0),37.229(37.229),8.117(8.117),3.463(3.463),4.87(4.87),3.896(3.896)
Joe Johnson,,10,9.091(9.091),11.364(11.364),27.273(27.273),0(0),10.714(10.714),25.974(25.974),1.948(1.948),0(0),4.87(4.87),1.429(1.429)
Trevor Ariza,Houston Rockets,9,24.015(24.015),3.842(3.842),7.109(7.109),1.345(1.345),0(0),40.346(40.346),3.939(3.939),3.458(3.458),8.357(8.357),3.074(3.074)
Darren Collison,Sacramento Kings,12,30.09(30.09),11.133(11.133),25.276(25.276),0(0),0(0),18.355(18.355),3.41(3.41),3.21(3.21),0(0),1.003(1.003)
DeMarre Carroll,Toronto Raptors,9,21.362(21.362),5.882(5.882),9.288(9.288),0(0),0(0),32.508(32.508),3.406(3.406),8.05(8.05),8.05(8.05),4.334(4.334)
Lou Williams,Los Angeles Lakers,3,14.154(14.154),9.333(9.333),43.692(43.692),0(0),0(0),10.256(10.256),7.897(7.897),1.538(1.538),8.821(8.821),1.538(1.538)
Julius Randle,Los Angeles Lakers,6,15.77(15.77),21.787(21.787),2.188(2.188),9.389(9.389),11.942(11.942),11.212(11.212),0(0),8.66(8.66),2.188(2.188),10.392(10.392)
Jeff Green,Los Angeles Clippers,4,16.563(16.563),12.188(12.188),6.25(6.25),3.338(3.338),12.813(12.813),29.063(29.063),4.064(4.064),5.0(5.0),5.806(5.806),3.438(3.438)
Michael Carter-Williams,Milwaukee Bucks,8,13.316(13.316),11.78(11.78),32.522(32.522),0(0),4.738(4.738),14.725(14.725),2.433(2.433),8.195(8.195),1.28(1.28),2.945(2.945)
Michael Beasley,Houston Rockets,4,15.139(15.139),17.53(17.53),5.179(5.179),12.351(12.351),5.578(5.578),20.319(20.319),0(0),7.968(7.968),0(0),7.171(7.171)
Marcin Gortat,Washington Wizards,5,7.559(7.559),1.124(1.124),0(0),23.085(23.085),15.628(15.628),1.634(1.634),0(0),31.358(31.358),0(0),10.725(10.725)
Luol Deng,Miami Heat,4,15.477(15.477),4.281(4.281),2.854(2.854),7.025(7.025),6.696(6.696),35.456(35.456),1.866(1.866),9.55(9.55),4.501(4.501),6.915(6.915)
Gary Harris,Denver Nuggets,1,21.382(21.382),3.947(3.947),10.417(10.417),0(0),0(0),26.535(26.535),14.693(14.693),9.759(9.759),7.675(7.675),1.974(1.974)
Draymond Green,Golden State Warriors,0,18.54(18.54),5.004(5.004),5.004(5.004),12.633(12.633),8.696(8.696),19.688(19.688),1.313(1.313),9.68(9.68),2.297(2.297),7.055(7.055)
Elfrid Payton,Orlando Magic,12,15.377(15.377),7.128(7.128),34.827(34.827),0(0),0(0),18.024(18.024),5.703(5.703),5.397(5.397),1.935(1.935),4.073(4.073)
Jared Sullinger,Boston Celtics,0,6.918(6.918),5.799(5.799),0(0),16.785(16.785),16.277(16.277),20.854(20.854),0(0),8.85(8.85),4.781(4.781),12.513(12.513)
George Hill,Indiana Pacers,12,20.644(20.644),4.772(4.772),28.746(28.746),0(0),1.221(1.221),19.756(19.756),4.107(4.107),3.441(3.441),9.212(9.212),2.442(2.442)
Trey Burke,,10,12.182(12.182),6.827(6.827),34.672(34.672),0(0),0(0),24.096(24.096),13.387(13.387),0(0),3.347(3.347),0(0)
CJ Miles,,9,20.422(20.422),2.635(2.635),7.115(7.115),2.503(2.503),0(0),29.117(29.117),10.54(10.54),0(0),18.709(18.709),2.372(2.372)
Tony Parker,San Antonio Spurs,3,12.5(12.5),5.543(5.543),50.978(50.978),0(0),0(0),11.957(11.957),4.783(4.783),2.717(2.717),6.957(6.957),0(0)
Mirza Teletovic,Phoenix Suns,4,13.671(13.671),2.906(2.906),1.292(1.292),8.934(8.934),13.455(13.455),32.508(32.508),4.736(4.736),2.045(2.045),12.056(12.056),3.983(3.983)
Dennis Schroder,Atlanta Hawks,3,9.569(9.569),6.89(6.89),54.354(54.354),0(0),0(0),12.344(12.344),6.124(6.124),1.531(1.531),4.498(4.498),0(0)
Kent Bazemore,Atlanta Hawks,1,23.434(23.434),4.752(4.752),15.119(15.119),0(0),0(0),30.13(30.13),6.803(6.803),8.855(8.855),4.644(4.644),1.512(1.512)
Otto Porter,Washington Wizards,9,24.643(24.643),1.548(1.548),9.881(9.881),2.619(2.619),1.31(1.31),28.929(28.929),2.5(2.5),9.405(9.405),7.262(7.262),7.143(7.143)
Jose Juan Barea,Dallas Mavericks,3,8.595(8.595),8.943(8.943),52.846(52.846),0(0),0(0),17.189(17.189),5.11(5.11),1.161(1.161),1.742(1.742),0(0)
Harrison Barnes,Golden State Warriors,4,19.118(19.118),8.69(8.69),4.412(4.412),2.941(2.941),12.7(12.7),29.545(29.545),1.337(1.337),9.626(9.626),4.144(4.144),3.61(3.61)
Bojan Bogdanovic,Brooklyn Nets,4,18.655(18.655),7.809(7.809),12.256(12.256),0(0),7.158(7.158),31.02(31.02),2.386(2.386),4.881(4.881),9.761(9.761),1.844(1.844)
Isaiah Canaan,Philadelphia 76ers,1,18.379(18.379),11.073(11.073),20.32(20.32),0(0),0(0),27.854(27.854),8.904(8.904),2.283(2.283),5.594(5.594),0(0)
TJ Warren,Phoenix Suns,4,23.459(23.459),4.175(4.175),10.338(10.338),0(0),0(0),22.266(22.266),4.374(4.374),9.145(9.145),10.934(10.934),8.946(8.946)
Marco Belinelli,Sacramento Kings,11,13.038(13.038),0(0),13.299(13.299),0(0),0(0),20.339(20.339),9.257(9.257),3.781(3.781),33.638(33.638),0(0)
Kenneth Faried,Denver Nuggets,5,13.268(13.268),2.211(2.211),0(0),16.216(16.216),11.548(11.548),5.16(5.16),0(0),20.762(20.762),0(0),21.253(21.253)
Evan Turner,Boston Celtics,8,15.015(15.015),10.51(10.51),31.531(31.531),0(0),10.51(10.51),13.814(13.814),5.706(5.706),4.304(4.304),2.202(2.202),2.302(2.302)
Jeremy Lin,Charlotte Hornets,10,13.202(13.202),7.389(7.389),32.709(32.709),0(0),0(0),21.872(21.872),7.291(7.291),4.236(4.236),7.094(7.094),0(0)
Hassan Whiteside,Miami Heat,7,3.967(3.967),2.088(2.088),0(0),20.772(20.772),21.921(21.921),1.983(1.983),0(0),18.059(18.059),0(0),20.459(20.459)
Nikola Mirotic,Chicago Bulls,4,11.631(11.631),3.919(3.919),2.781(2.781),7.585(7.585),11.125(11.125),36.41(36.41),5.31(5.31),5.563(5.563),5.057(5.057),4.551(4.551)
Marvin Williams,Charlotte Hornets,0,8.105(8.105),0(0),2.055(2.055),14.84(14.84),4.338(4.338),39.498(39.498),3.653(3.653),6.393(6.393),4.566(4.566),9.018(9.018)
Matt Barnes,Memphis Grizzlies,9,20.737(20.737),2.88(2.88),5.3(5.3),3.341(3.341),2.304(2.304),31.106(31.106),3.111(3.111),9.332(9.332),7.028(7.028),6.221(6.221)
Dion Waiters,,1,19.085(19.085),15.179(15.179),25.446(25.446),0(0),0(0),24.442(24.442),3.571(3.571),0(0),7.031(7.031),1.116(1.116)
Omri Casspi,Sacramento Kings,9,23.514(23.514),2.655(2.655),4.425(4.425),2.781(2.781),1.264(1.264),38.18(38.18),4.551(4.551),9.229(9.229),4.678(4.678),4.551(4.551)
Ersan Ilyasova,Orlando Magic,0,9.14(9.14),0(0),0(0),17.204(17.204),6.989(6.989),20.43(20.43),1.629(1.629),13.979(13.979),6.352(6.352),21.505(21.505)
Jonas Valanciunas,Toronto Raptors,7,3.938(3.938),0(0),0(0),14.205(14.205),27.426(27.426),3.235(3.235),0(0),20.675(20.675),0(0),20.253(20.253)
Marcus Thornton,Houston Rockets,1,12.698(12.698),4.6(4.6),25.397(25.397),0(0),0(0),28.571(28.571),6.6(6.6),4.4(4.4),10.318(10.318),3.4(3.4)
Myles Turner,Indiana Pacers,7,7.419(7.419),4.019(4.019),0(0),27.821(27.821),21.948(21.948),8.346(8.346),0(0),13.91(13.91),2.473(2.473),6.801(6.801)
Hollis Thompson,Philadelphia 76ers,9,19.138(19.138),1.648(1.648),6.591(6.591),0(0),0(0),39.671(39.671),11.28(11.28),4.563(4.563),8.238(8.238),4.183(4.183)
Al-Farouq Aminu,,0,0(0),0(0),0(0),0(0),0(0),0(0),0(0),0(0),0(0),0(0)
Nerlens Noel,Philadelphia 76ers,5,10.446(10.446),9.272(9.272),0(0),18.427(18.427),10.211(10.211),8.333(8.333),0(0),21.244(21.244),0(0),12.793(12.793)
Sean Kilpatrick,Brooklyn Nets,9,21.523(21.523),3.642(3.642),19.205(19.205),0(0),0(0),41.379(41.379),3.642(3.642),6.623(6.623),8.278(8.278),0(0)
Enes Kanter,Oklahoma City Thunder,5,8.839(8.839),1.491(1.491),0(0),20.234(20.234),18.956(18.956),5.112(5.112),0(0),16.72(16.72),0(0),21.725(21.725)
Marcus Smart,Boston Celtics,1,16.837(16.837),4.685(4.685),18.155(18.155),0(0),6.149(6.149),25.183(25.183),5.857(5.857),4.978(4.978),2.928(2.928),6.735(6.735)
Terrence Ross,,9,13.773(13.773),6.026(6.026),11.765(11.765),0(0),0(0),34.29(34.29),5.452(5.452),0(0),23.673(23.673),0(0)
Raymond Felton,Dallas Mavericks,3,8.636(8.636),10.227(10.227),45.0(45.0),0(0),0(0),22.273(22.273),2.614(2.614),1.818(1.818),2.273(2.273),0(0)
Gerald Green,Miami Heat,9,17.339(17.339),3.288(3.288),7.324(7.324),0(0),2.84(2.84),34.978(34.978),11.809(11.809),3.587(3.587),11.211(11.211),2.84(2.84)
Dwight Howard,Houston Rockets,7,6.263(6.263),0(0),0(0),9.343(9.343),30.493(30.493),0(0),0(0),22.177(22.177),0(0),14.784(14.784)
Jerryd Bayless,Milwaukee Bucks,1,15.596(15.596),7.156(7.156),21.101(21.101),0(0),0(0),29.908(29.908),8.991(8.991),2.569(2.569),8.624(8.624),0(0)
Patrick Beverley,,1,20.11(20.11),7.989(7.989),19.008(19.008),1.928(1.928),0(0),36.501(36.501),2.617(2.617),0(0),0(0),3.444(3.444)
Allen Crabbe,Portland Trail Blazers,9,17.857(17.857),0(0),9.184(9.184),3.189(3.189),0(0),32.526(32.526),10.842(10.842),4.337(4.337),16.326(16.326),1.276(1.276)
Shabazz Muhammad,Minnesota Timberwolves,4,20.209(20.209),5.226(5.226),6.852(6.852),0(0),9.872(9.872),20.674(20.674),4.181(4.181),9.059(9.059),10.453(10.453),9.408(9.408)
Stanley Johnson,Detroit Pistons,1,18.709(18.709),9.223(9.223),21.739(21.739),0(0),4.348(4.348),25.692(25.692),6.719(6.719),2.108(2.108),2.372(2.372),4.48(4.48)
Gary Neal,,1,13.83(13.83),6.117(6.117),24.468(24.468),0(0),0(0),25.266(25.266),9.84(9.84),0(0),14.096(14.096),0(0)
Courtney Lee,Charlotte Hornets,9,16.996(16.996),5.534(5.534),16.996(16.996),0(0),0(0),39.526(39.526),7.115(7.115),3.953(3.953),5.929(5.929),2.245(2.245)
Robin Lopez,New York Knicks,7,2.526(2.526),1.493(1.493),0(0),12.974(12.974),29.162(29.162),3.789(3.789),0(0),18.599(18.599),0(0),22.503(22.503)
Kelly Olynyk,Boston Celtics,0,13.889(13.889),2.924(2.924),0(0),19.444(19.444),7.31(7.31),24.854(24.854),4.971(4.971),7.456(7.456),5.702(5.702),6.579(6.579)
Alex Len,Phoenix Suns,7,4.467(4.467),2.52(2.52),0(0),11.34(11.34),29.553(29.553),9.049(9.049),0(0),19.702(19.702),1.833(1.833),12.715(12.715)
Shelvin Mack,,10,13.539(13.539),6.888(6.888),35.63(35.63),0(0),0(0),23.753(23.753),11.639(11.639),0(0),0(0),0(0)
Doug McDermott,Chicago Bulls,9,16.344(16.344),0(0),3.601(3.601),0(0),2.909(2.909),28.116(28.116),13.989(13.989),10.249(10.249),15.651(15.651),4.017(4.017)
Luis Scola,Toronto Raptors,0,13.617(13.617),0(0),0(0),18.44(18.44),15.461(15.461),29.362(29.362),0(0),7.801(7.801),0(0),8.227(8.227)
Jameer Nelson,,3,9.302(9.302),7.752(7.752),47.028(47.028),0(0),0(0),20.672(20.672),7.235(7.235),0(0),0(0),0(0)
O.J. Mayo,Milwaukee Bucks,1,17.805(17.805),3.902(3.902),15.122(15.122),0(0),2.439(2.439),26.341(26.341),10.976(10.976),2.927(2.927),8.78(8.78),0(0)
Jerami Grant,Philadelphia 76ers,4,16.046(16.046),11.861(11.861),2.674(2.674),10.465(10.465),5.698(5.698),24.884(24.884),2.791(2.791),12.558(12.558),2.442(2.442),6.047(6.047)
Jeremy Lamb,Charlotte Hornets,11,11.893(11.893),6.868(6.868),24.288(24.288),0(0),0(0),18.76(18.76),5.863(5.863),8.04(8.04),15.913(15.913),4.69(4.69)
Ricky Rubio,Minnesota Timberwolves,12,18.498(18.498),3.917(3.917),40.696(40.696),0(0),0(0),22.633(22.633),4.026(4.026),1.088(1.088),0(0),0(0)
Austin Rivers,Los Angeles Clippers,12,14.422(14.422),14.263(14.263),33.28(33.28),0(0),0(0),19.493(19.493),6.656(6.656),4.754(4.754),2.536(2.536),0(0)
Kyle Korver,Atlanta Hawks,11,13.85(13.85),0(0),6.787(6.787),0(0),0(0),23.961(23.961),13.158(13.158),3.463(3.463),31.44(31.44),0(0)
Rodney Stuckey,Indiana Pacers,12,21.575(21.575),5.651(5.651),31.507(31.507),0(0),0(0),16.267(16.267),8.733(8.733),3.253(3.253),4.623(4.623),0(0)
Patty Mills,San Antonio Spurs,1,13.643(13.643),2.25(2.25),28.411(28.411),0(0),0(0),24.332(24.332),7.736(7.736),4.923(4.923),12.236(12.236),0(0)
Jusuf Nurkic,Denver Nuggets,7,3.245(3.245),0(0),0(0),24.484(24.484),31.858(31.858),3.245(3.245),0(0),11.799(11.799),0(0),15.339(15.339)
Kevin Martin,San Antonio Spurs,4,14.545(14.545),13.073(13.073),9.091(9.091),0(0),4.128(4.128),28.182(28.182),5.275(5.275),9.091(9.091),16.364(16.364),0(0)
Jordan Hill,Indiana Pacers,7,4.708(4.708),4.85(4.85),0(0),19.829(19.829),24.108(24.108),7.561(7.561),0(0),17.261(17.261),0(0),13.124(13.124)
Nikola Jokic,Denver Nuggets,7,5.942(5.942),3.54(3.54),0(0),19.469(19.469),19.848(19.848),10.746(10.746),0(0),15.424(15.424),0(0),13.654(13.654)
Aaron Gordon,,0,0(0),0(0),0(0),0(0),0(0),0(0),0(0),0(0),0(0),0(0)
Manu Ginobili,San Antonio Spurs,1,9.76(9.76),6.164(6.164),23.801(23.801),0(0),0(0),27.226(27.226),7.705(7.705),6.849(6.849),7.877(7.877),0(0)
Nik Stauskas,Philadelphia 76ers,9,17.852(17.852),4.209(4.209),15.53(15.53),0(0),0(0),38.897(38.897),9.289(9.289),2.322(2.322),6.967(6.967),1.597(1.597)
Wayne Ellington,Brooklyn Nets,1,16.032(16.032),2.381(2.381),17.778(17.778),0(0),0(0),31.905(31.905),7.143(7.143),4.127(4.127),14.762(14.762),1.587(1.587)
Gerald Henderson,Portland Trail Blazers,1,13.063(13.063),8.559(8.559),18.168(18.168),0(0),7.808(7.808),22.072(22.072),7.357(7.357),5.255(5.255),8.258(8.258),2.402(2.402)
Mo Williams,,3,14.667(14.667),4.0(4.0),43.2(43.2),0(0),0(0),18.4(18.4),6.933(6.933),0(0),4.267(4.267),0(0)
Archie Goodwin,Phoenix Suns,12,21.263(21.263),8.306(8.306),25.914(25.914),0(0),0(0),20.1(20.1),5.149(5.149),5.648(5.648),1.827(1.827),3.322(3.322)
Tony Allen,Memphis Grizzlies,4,23.627(23.627),4.659(4.659),5.158(5.158),0(0),2.496(2.496),23.295(23.295),2.995(2.995),17.305(17.305),0(0),10.982(10.982)
Terrence Jones,Houston Rockets,0,16.702(16.702),5.782(5.782),0(0),11.991(11.991),7.923(7.923),23.34(23.34),0(0),14.775(14.775),0(0),8.779(8.779)
Mario Chalmers,Memphis Grizzlies,12,15.186(15.186),5.816(5.816),32.609(32.609),0(0),0(0),16.801(16.801),5.977(5.977),2.262(2.262),2.423(2.423),2.262(2.262)
Cory Joseph,,3,9.399(9.399),11.227(11.227),46.214(46.214),0(0),0(0),19.191(19.191),3.003(3.003),0(0),1.958(1.958),0(0)
Tim Duncan,San Antonio Spurs,7,4.467(4.467),0(0),0(0),24.227(24.227),25.945(25.945),5.326(5.326),0(0),18.041(18.041),0(0),8.247(8.247)
Toney Douglas,New Orleans Pelicans,12,17.329(17.329),6.859(6.859),37.184(37.184),0(0),0(0),19.495(19.495),7.401(7.401),3.069(3.069),0(0),0(0)
Ramon Sessions,Washington Wizards,12,25.904(25.904),3.614(3.614),35.06(35.06),0(0),0(0),17.711(17.711),3.494(3.494),5.181(5.181),3.012(3.012),0(0)
Meyers Leonard,Portland Trail Blazers,0,6.78(6.78),0(0),0(0),26.365(26.365),5.838(5.838),35.405(35.405),0(0),7.156(7.156),2.448(2.448),4.143(4.143)
Langston Galloway,New York Knicks,1,22.046(22.046),4.755(4.755),17.435(17.435),0(0),0(0),27.954(27.954),8.069(8.069),5.043(5.043),6.052(6.052),2.738(2.738)
PJ Tucker,Phoenix Suns,4,18.098(18.098),3.17(3.17),6.605(6.605),1.585(1.585),8.454(8.454),29.458(29.458),1.585(1.585),7.662(7.662),2.114(2.114),13.342(13.342)
Danny Green,San Antonio Spurs,9,20.973(20.973),1.824(1.824),4.407(4.407),0(0),0(0),42.705(42.705),5.015(5.015),4.863(4.863),10.486(10.486),3.04(3.04)
Gorgui Dieng,Minnesota Timberwolves,7,7.238(7.238),3.739(3.739),0(0),22.316(22.316),15.682(15.682),14.234(14.234),0(0),16.888(16.888),0(0),8.806(8.806)
Derrick Williams,New York Knicks,4,20.592(20.592),10.902(10.902),5.114(5.114),7.402(7.402),9.556(9.556),20.996(20.996),2.692(2.692),10.902(10.902),4.98(4.98),3.769(3.769)
Bobby Portis,Chicago Bulls,0,9.69(9.69),8.527(8.527),0(0),16.085(16.085),16.473(16.473),19.38(19.38),0(0),6.008(6.008),0(0),16.667(16.667)
Darrell Arthur,Denver Nuggets,0,8.304(8.304),2.422(2.422),0(0),20.761(20.761),7.958(7.958),30.104(30.104),0(0),11.765(11.765),2.595(2.595),7.785(7.785)
Jon Leuer,Phoenix Suns,0,10.616(10.616),7.877(7.877),0(0),23.459(23.459),7.534(7.534),23.63(23.63),1.884(1.884),8.904(8.904),0(0),8.39(8.39)
Carl Landry,Philadelphia 76ers,7,5.431(5.431),5.431(5.431),0(0),17.252(17.252),20.447(20.447),16.613(16.613),0(0),15.335(15.335),0(0),12.141(12.141)
Nick Young,,1,14.452(14.452),6.993(6.993),16.55(16.55),0(0),0(0),28.904(28.904),7.226(7.226),0(0),17.716(17.716),0(0)
Lance Stephenson,Memphis Grizzlies,1,18.222(18.222),13.333(13.333),21.333(21.333),0(0),5.128(5.128),27.111(27.111),3.846(3.846),3.59(3.59),0(0),5.333(5.333)
Taj Gibson,Chicago Bulls,7,4.524(4.524),1.716(1.716),0(0),12.012(12.012),24.337(24.337),5.772(5.772),0(0),26.053(26.053),0(0),18.565(18.565)
Aaron Brooks,,0,0(0),0(0),0(0),0(0),0(0),0(0),0(0),0(0),0(0),0(0)
Nene,Washington Wizards,7,7.523(7.523),6.606(6.606),0(0),16.881(16.881),31.009(31.009),6.055(6.055),0(0),21.284(21.284),0(0),3.486(3.486)
Tyler Johnson,Miami Heat,10,11.356(11.356),5.047(5.047),27.76(27.76),0(0),0(0),26.814(26.814),9.464(9.464),3.785(3.785),4.416(4.416),3.47(3.47)
Matthew Dellavedova,Cleveland Cavaliers,3,8.964(8.964),3.4(3.4),46.677(46.677),0(0),0(0),23.184(23.184),6.028(6.028),1.7(1.7),2.009(2.009),0(0)
Corey Brewer,Houston Rockets,9,32.996(32.996),2.026(2.026),4.631(4.631),0(0),0(0),32.706(32.706),6.657(6.657),4.92(4.92),6.512(6.512),2.315(2.315)
Ben McLemore,Sacramento Kings,9,26.21(26.21),4.508(4.508),8.18(8.18),0(0),0(0),27.713(27.713),6.344(6.344),6.01(6.01),13.356(13.356),1.836(1.836)
E'Twaun Moore,Chicago Bulls,1,18.242(18.242),3.297(3.297),24.835(24.835),0(0),2.418(2.418),27.692(27.692),9.67(9.67),4.835(4.835),0(0),2.637(2.637)
DeAndre Jordan,Los Angeles Clippers,5,7.52(7.52),0(0),0(0),20.314(20.314),7.183(7.183),0(0),0(0),20.763(20.763),0(0),17.396(17.396)
Jason Smith,Orlando Magic,0,4.584(4.584),0(0),0(0),40.408(40.408),2.377(2.377),26.995(26.995),0(0),6.282(6.282),3.735(3.735),4.584(4.584)
Frank Kaminsky,Charlotte Hornets,0,6.173(6.173),3.858(3.858),0(0),20.525(20.525),10.802(10.802),33.025(33.025),1.698(1.698),9.414(9.414),2.932(2.932),4.784(4.784)
Lance Thomas,New York Knicks,9,13.142(13.142),6.571(6.571),5.955(5.955),2.464(2.464),5.339(5.339),39.014(39.014),0(0),8.624(8.624),5.749(5.749),3.901(3.901)
Wesley Johnson,Los Angeles Clippers,9,20.684(20.684),1.88(1.88),2.051(2.051),5.812(5.812),0(0),41.539(41.539),8.547(8.547),5.47(5.47),5.983(5.983),2.222(2.222)
Joffrey Lauvergne,Denver Nuggets,0,8.137(8.137),2.998(2.998),0(0),24.625(24.625),14.133(14.133),19.058(19.058),0(0),13.062(13.062),0(0),9.636(9.636)
Shane Larkin,Brooklyn Nets,3,14.08(14.08),6.178(6.178),46.983(46.983),0(0),0(0),12.356(12.356),6.322(6.322),5.316(5.316),0(0),0(0)
Josh Smith,Houston Rockets,0,12.558(12.558),12.558(12.558),9.302(9.302),13.023(13.023),4.651(4.651),18.595(18.595),0(0),7.907(7.907),0(0),4.959(4.959)
Marreese Speights,Golden State Warriors,0,7.018(7.018),5.088(5.088),0(0),21.754(21.754),8.596(8.596),18.947(18.947),0(0),10.175(10.175),10.702(10.702),10.702(10.702)
JaMychal Green,Memphis Grizzlies,0,8.675(8.675),3.312(3.312),0(0),14.826(14.826),13.88(13.88),17.981(17.981),0(0),15.931(15.931),0(0),17.981(17.981)
Garrett Temple,Washington Wizards,9,31.672(31.672),2.251(2.251),9.807(9.807),0(0),0(0),32.476(32.476),2.572(2.572),4.18(4.18),7.878(7.878),2.412(2.412)
Brandon Jennings,,12,18.396(18.396),8.491(8.491),37.736(37.736),0(0),0(0),13.812(13.812),7.735(7.735),0(0),0(0),0(0)
Ian Mahinmi,Indiana Pacers,5,7.834(7.834),2.304(2.304),0(0),20.891(20.891),10.753(10.753),7.988(7.988),0(0),29.647(29.647),0(0),9.063(9.063)
Mason Plumlee,Portland Trail Blazers,5,12.652(12.652),5.353(5.353),0(0),20.803(20.803),8.637(8.637),4.258(4.258),0(0),22.993(22.993),0(0),11.436(11.436)
Jose Calderon,New York Knicks,10,10.233(10.233),2.154(2.154),38.061(38.061),0(0),0(0),22.98(22.98),7.72(7.72),2.873(2.873),7.72(7.72),0(0)
Patrick Patterson,Toronto Raptors,9,10.315(10.315),0(0),0(0),14.161(14.161),2.448(2.448),52.797(52.797),0(0),2.622(2.622),0(0),8.566(8.566)
Zaza Pachulia,Dallas Mavericks,5,4.05(4.05),5.587(5.587),0(0),17.877(17.877),4.19(4.19),9.078(9.078),0(0),31.425(31.425),0(0),15.084(15.084)
PJ Hairston,,9,18.987(18.987),0(0),8.176(8.176),0(0),0(0),29.747(29.747),5.975(5.975),0(0),5.031(5.031),3.774(3.774)
David Lee,Boston Celtics,5,8.696(8.696),5.534(5.534),0(0),21.693(21.693),11.111(11.111),7.115(7.115),0(0),16.996(16.996),0(0),10.672(10.672)
Luke Babbitt,,9,13.855(13.855),4.518(4.518),6.928(6.928),0(0),0(0),43.976(43.976),4.819(4.819),0(0),10.843(10.843),6.627(6.627)
Mike Dunleavy,Chicago Bulls,9,15.351(15.351),0(0),5.702(5.702),0(0),0(0),28.07(28.07),11.842(11.842),11.403(11.403),17.105(17.105),0(0)
Andrea Bargnani,Brooklyn Nets,0,3.67(3.67),5.199(5.199),0(0),33.028(33.028),4.281(4.281),28.746(28.746),0(0),8.563(8.563),4.893(4.893),6.422(6.422)
Jared Dudley,Washington Wizards,9,20.361(20.361),0(0),0(0),13.465(13.465),0(0),43.35(43.35),0(0),6.732(6.732),5.583(5.583),2.956(2.956)
Greivis Vasquez,,10,9.043(9.043),0(0),31.915(31.915),0(0),0(0),34.043(34.043),7.447(7.447),0(0),0(0),0(0)
Cody Zeller,Charlotte Hornets,5,11.203(11.203),1.977(1.977),0(0),28.83(28.83),2.636(2.636),11.697(11.697),0(0),19.769(19.769),3.789(3.789),10.379(10.379)
Justise Winslow,Miami Heat,4,24.098(24.098),2.459(2.459),7.049(7.049),0(0),3.443(3.443),30.164(30.164),4.262(4.262),11.967(11.967),0(0),7.541(7.541)
Randy Foye,,1,15.425(15.425),7.389(7.389),21.277(21.277),0(0),0(0),39.362(39.362),6.404(6.404),0(0),3.941(3.941),0(0)
Paul Pierce,,9,13.636(13.636),7.851(7.851),2.066(2.066),16.322(16.322),6.405(6.405),39.463(39.463),0(0),0(0),6.405(6.405),0(0)
Devin Harris,Dallas Mavericks,1,21.127(21.127),3.622(3.622),22.334(22.334),0(0),0(0),28.773(28.773),4.829(4.829),5.835(5.835),3.421(3.421),0(0)
Rudy Gobert,Utah Jazz,5,6.601(6.601),1.815(1.815),0(0),17.492(17.492),3.96(3.96),2.145(2.145),0(0),29.208(29.208),0(0),23.267(23.267)
David West,San Antonio Spurs,7,7.13(7.13),3.473(3.473),0(0),19.378(19.378),21.024(21.024),17.916(17.916),0(0),14.808(14.808),2.011(2.011),6.033(6.033)
TJ McConnell,Philadelphia 76ers,3,13.141(13.141),6.891(6.891),45.994(45.994),0(0),0(0),12.5(12.5),7.372(7.372),2.564(2.564),3.045(3.045),2.083(2.083)
Donald Sloan,Brooklyn Nets,12,17.573(17.573),6.067(6.067),32.845(32.845),0(0),0(0),20.502(20.502),5.439(5.439),8.159(8.159),0(0),0(0)
Vince Carter,Memphis Grizzlies,1,9.512(9.512),4.878(4.878),16.341(16.341),0(0),8.293(8.293),28.293(28.293),7.805(7.805),4.146(4.146),8.049(8.049),4.878(4.878)
Kosta Koufos,Sacramento Kings,5,7.807(7.807),0(0),0(0),21.004(21.004),13.197(13.197),0(0),0(0),32.714(32.714),0(0),17.1(17.1)
D.J. Augustin,,12,13.691(13.691),6.542(6.542),33.929(33.929),0(0),0(0),13.396(13.396),9.524(9.524),0(0),0(0),0(0)
Andre Iguodala,Golden State Warriors,4,23.809(23.809),7.867(7.867),7.66(7.66),0(0),2.899(2.899),26.708(26.708),2.277(2.277),8.075(8.075),5.383(5.383),3.313(3.313)
Iman Shumpert,,9,15.803(15.803),7.772(7.772),15.285(15.285),0(0),0(0),41.451(41.451),3.368(3.368),0(0),4.922(4.922),0(0)
Andrew Nicholson,Orlando Magic,7,7.349(7.349),0(0),0(0),18.635(18.635),32.284(32.284),22.31(22.31),0(0),4.987(4.987),2.625(2.625),4.987(4.987)
Kris Humphries,Washington Wizards,0,13.869(13.869),0(0),0(0),19.708(19.708),0(0),27.273(27.273),0(0),7.179(7.179),0(0),9.231(9.231)
Donatas Motiejunas,Houston Rockets,7,9.489(9.489),0(0),0(0),18.248(18.248),21.898(21.898),21.168(21.168),0(0),13.139(13.139),0(0),6.204(6.204)
Leandro Barbosa,Golden State Warriors,11,27.333(27.333),5.778(5.778),14.444(14.444),0(0),0(0),19.333(19.333),5.333(5.333),3.556(3.556),15.556(15.556),0(0)
Trey Lyles,Utah Jazz,0,9.648(9.648),4.082(4.082),0(0),15.77(15.77),2.226(2.226),43.228(43.228),0(0),10.761(10.761),2.041(2.041),5.751(5.751)
Amir Johnson,Boston Celtics,5,10.764(10.764),3.125(3.125),0(0),15.625(15.625),10.938(10.938),9.375(9.375),0(0),19.271(19.271),0(0),17.361(17.361)
Alexis Ajinca,New Orleans Pelicans,5,4.282(4.282),0(0),0(0),27.456(27.456),9.572(9.572),15.113(15.113),0(0),17.128(17.128),4.534(4.534),10.831(10.831)
Spencer Hawes,Charlotte Hornets,0,4.835(4.835),3.053(3.053),0(0),18.066(18.066),13.741(13.741),28.499(28.499),0(0),12.723(12.723),0(0),7.379(7.379)
Ty Lawson,,12,20.482(20.482),7.882(7.882),36.145(36.145),0(0),0(0),15.663(15.663),3.695(3.695),0(0),0(0),0(0)
Mario Hezonja,Orlando Magic,1,15.926(15.926),4.259(4.259),20.37(20.37),0(0),0(0),25.556(25.556),7.407(7.407),3.148(3.148),13.889(13.889),2.593(2.593)
Tony Snell,Chicago Bulls,1,16.749(16.749),7.143(7.143),16.995(16.995),0(0),0(0),33.498(33.498),9.852(9.852),3.941(3.941),2.956(2.956),2.709(2.709)
Charlie Villanueva,Dallas Mavericks,9,12.195(12.195),0(0),0(0),10.84(10.84),6.233(6.233),37.669(37.669),3.523(3.523),4.065(4.065),15.176(15.176),4.878(4.878)
Steven Adams,Oklahoma City Thunder,5,7.012(7.012),0(0),0(0),24.708(24.708),7.346(7.346),0(0),0(0),29.382(29.382),0(0),19.533(19.533)
Maurice Harkless,Portland Trail Blazers,4,16.731(16.731),3.654(3.654),6.154(6.154),2.115(2.115),4.423(4.423),28.077(28.077),3.462(3.462),12.5(12.5),4.615(4.615),12.885(12.885)
Josh Richardson,Miami Heat,1,12.836(12.836),4.776(4.776),24.478(24.478),0(0),0(0),40.299(40.299),3.881(3.881),2.985(2.985),0(0),0(0)
Willie Cauley-Stein,Sacramento Kings,5,18.243(18.243),2.928(2.928),0(0),14.189(14.189),5.631(5.631),4.504(4.504),0(0),28.604(28.604),0(0),18.919(18.919)
Dante Cunningham,New Orleans Pelicans,9,18.864(18.864),0(0),3.854(3.854),4.462(4.462),0(0),43.611(43.611),2.84(2.84),11.562(11.562),2.231(2.231),4.462(4.462)
Tim Hardaway Jr.,,9,26.861(26.861),0(0),8.414(8.414),0(0),0(0),35.599(35.599),7.443(7.443),0(0),11.974(11.974),0(0)
Jason Terry,,9,19.68(19.68),3.432(3.432),13.959(13.959),0(0),0(0),44.165(44.165),5.492(5.492),0(0),4.348(4.348),0(0)
Markel Brown,Brooklyn Nets,1,17.184(17.184),3.103(3.103),23.628(23.628),0(0),0(0),28.878(28.878),3.819(3.819),4.535(4.535),8.831(8.831),3.341(3.341)
Raul Neto,Utah Jazz,10,13.979(13.979),5.556(5.556),27.778(27.778),0(0),0(0),33.154(33.154),10.215(10.215),2.151(2.151),0(0),0(0)
Clint Capela,Houston Rockets,5,12.844(12.844),0(0),0(0),18.532(18.532),4.404(4.404),0(0),0(0),29.174(29.174),0(0),23.486(23.486)
Jerian Grant,New York Knicks,12,15.69(15.69),9.641(9.641),34.972(34.972),0(0),0(0),19.282(19.282),4.915(4.915),3.781(3.781),4.726(4.726),0(0)
Seth Curry,,1,17.438(17.438),4.626(4.626),27.758(27.758),0(0),0(0),27.046(27.046),4.626(4.626),0(0),11.032(11.032),0(0)
John Henson,Milwaukee Bucks,5,6.158(6.158),0(0),0(0),21.921(21.921),14.039(14.039),3.448(3.448),0(0),29.557(29.557),0(0),14.286(14.286)
Tristan Thompson,Cleveland Cavaliers,5,7.276(7.276),0(0),0(0),20.981(20.981),5.753(5.753),2.538(2.538),0(0),28.257(28.257),0(0),23.52(23.52)
Mike Scott,Atlanta Hawks,0,15.884(15.884),0(0),0(0),18.792(18.792),8.054(8.054),28.188(28.188),0(0),15.212(15.212),0(0),5.593(5.593)
Metta World Peace,,4,8.676(8.676),11.415(11.415),10.046(10.046),0(0),17.352(17.352),28.31(28.31),9.132(9.132),0(0),0(0),5.479(5.479)
Boris Diaw,San Antonio Spurs,7,6.09(6.09),4.519(4.519),0(0),11.395(11.395),38.507(38.507),20.039(20.039),0(0),8.055(8.055),0(0),3.733(3.733)
Roy Hibbert,Los Angeles Lakers,7,3.255(3.255),0(0),0(0),16.998(16.998),29.295(29.295),12.116(12.116),0(0),11.754(11.754),0(0),12.477(12.477)
Channing Frye,Orlando Magic,0,9.392(9.392),0(0),0(0),17.127(17.127),5.381(5.381),35.874(35.874),0(0),5.381(5.381),9.865(9.865),5.381(5.381)
Thabo Sefolosha,Atlanta Hawks,9,25.88(25.88),0(0),9.11(9.11),0(0),0(0),29.192(29.192),3.934(3.934),13.665(13.665),3.313(3.313),4.348(4.348)
Festus Ezeli,Golden State Warriors,5,5.556(5.556),0(0),0(0),16.049(16.049),21.296(21.296),0(0),0(0),30.247(30.247),0(0),15.741(15.741)
Trevor Booker,Utah Jazz,5,12.86(12.86),1.919(1.919),0(0),16.123(16.123),3.263(3.263),16.891(16.891),0(0),18.234(18.234),0(0),19.386(19.386)
Anthony Morrow,Oklahoma City Thunder,9,16.022(16.022),4.972(4.972),4.42(4.42),0(0),0(0),46.133(46.133),6.354(6.354),3.039(3.039),11.602(11.602),0(0)
Tyler Zeller,Boston Celtics,5,10.444(10.444),0(0),0(0),34.465(34.465),6.266(6.266),9.661(9.661),0(0),16.71(16.71),2.872(2.872),10.705(10.705)
Shaun Livingston,Golden State Warriors,6,15.121(15.121),6.855(6.855),12.702(12.702),0(0),19.153(19.153),9.073(9.073),4.032(4.032),17.742(17.742),0(0),3.629(3.629)
Cameron Payne,,3,13.213(13.213),3.303(3.303),45.646(45.646),0(0),0(0),24.925(24.925),3.303(3.303),0(0),0(0),0(0)
Ronnie Price,,1,17.313(17.313),9.561(9.561),20.155(20.155),0(0),0(0),32.558(32.558),8.01(8.01),0(0),2.842(2.842),0(0)
Brandon Bass,Los Angeles Lakers,5,12.121(12.121),6.527(6.527),0(0),27.273(27.273),11.422(11.422),4.895(4.895),0(0),17.716(17.716),0(0),12.354(12.354)
Norman Powell,Toronto Raptors,9,23.776(23.776),0(0),19.58(19.58),0(0),0(0),37.762(37.762),0(0),3.497(3.497),5.594(5.594),0(0)
Larry Nance Jr.,Los Angeles Lakers,0,11.453(11.453),3.911(3.911),0(0),11.453(11.453),0(0),21.508(21.508),0(0),19.832(19.832),3.631(3.631),15.084(15.084)
Rondae Hollis-Jefferson,Brooklyn Nets,4,22.222(22.222),5.82(5.82),11.111(11.111),0(0),0(0),23.809(23.809),0(0),8.466(8.466),0(0),9.524(9.524)
Tyson Chandler,Phoenix Suns,5,4.969(4.969),0(0),0(0),18.012(18.012),8.282(8.282),4.141(4.141),0(0),26.708(26.708),0(0),21.532(21.532)
Timofey Mozgov,Cleveland Cavaliers,5,7.219(7.219),0(0),0(0),16.773(16.773),18.047(18.047),9.979(9.979),0(0),32.272(32.272),0(0),8.705(8.705)
Aron Baynes,Detroit Pistons,5,5.303(5.303),0(0),0(0),22.348(22.348),17.614(17.614),4.545(4.545),0(0),18.371(18.371),0(0),18.371(18.371)
Lavoy Allen,Indiana Pacers,5,8.475(8.475),0(0),0(0),17.161(17.161),8.475(8.475),13.559(13.559),0(0),22.034(22.034),0(0),19.068(19.068)
Anthony Tolliver,Detroit Pistons,9,14.248(14.248),0(0),0(0),10.818(10.818),0(0),55.145(55.145),0(0),3.166(3.166),8.179(8.179),0(0)
Tim Frazier,,3,17.241(17.241),13.362(13.362),44.828(44.828),0(0),0(0),10.776(10.776),0(0),0(0),0(0),0(0)
Joakim Noah,Chicago Bulls,5,6.897(6.897),0(0),0(0),9.852(9.852),4.926(4.926),7.882(7.882),0(0),14.286(14.286),0(0),29.557(29.557)
Chris McCullough,Brooklyn Nets,0,13.235(13.235),0(0),0(0),21.323(21.323),0(0),30.882(30.882),0(0),9.559(9.559),0(0),9.559(9.559)
Sasha Vujacic,,9,14.793(14.793),0(0),10.651(10.651),0(0),0(0),34.911(34.911),11.834(11.834),0(0),16.272(16.272),0(0)
Beno Udrih,,10,10.891(10.891),0(0),42.105(42.105),0(0),0(0),21.053(21.053),13.366(13.366),0(0),0(0),0(0)
JJ Hickson,Washington Wizards,5,8.553(8.553),0(0),0(0),17.333(17.333),9.211(9.211),8.553(8.553),0(0),16.0(16.0),0(0),14.667(14.667)
Jonathon Simmons,San Antonio Spurs,1,19.394(19.394),8.182(8.182),15.758(15.758),0(0),0(0),28.182(28.182),6.364(6.364),7.879(7.879),4.848(4.848),0(0)
Richaun Holmes,Philadelphia 76ers,5,8.392(8.392),0(0),0(0),21.329(21.329),4.196(4.196),14.336(14.336),0(0),26.224(26.224),0(0),13.636(13.636)
Troy Daniels,,9,9.767(9.767),0(0),8.372(8.372),0(0),0(0),37.209(37.209),10.233(10.233),0(0),24.186(24.186),0(0)
JaKarr Sampson,Denver Nuggets,9,21.918(21.918),4.348(4.348),5.686(5.686),0(0),0(0),33.562(33.562),8.219(8.219),17.808(17.808),0(0),6.849(6.849)
Marcelo Huertas,Los Angeles Lakers,3,13.75(13.75),3.125(3.125),48.438(48.438),0(0),0(0),11.875(11.875),5.938(5.938),3.438(3.438),0(0),0(0)
Justin Holiday,,9,27.778(27.778),5.729(5.729),16.667(16.667),0(0),0(0),41.111(41.111),9.375(9.375),0(0),5.729(5.729),0(0)
Tyus Jones,,12,17.327(17.327),7.921(7.921),40.594(40.594),0(0),0(0),18.317(18.317),0(0),0(0),0(0),0(0)
Anthony Brown,,9,18.792(18.792),0(0),6.711(6.711),0(0),0(0),42.282(42.282),7.383(7.383),0(0),9.396(9.396),0(0)
Jarell Martin,Memphis Grizzlies,0,10.429(10.429),7.362(7.362),0(0),14.724(14.724),9.202(9.202),14.724(14.724),0(0),16.564(16.564),0(0),17.178(17.178)
Tiago Splitter,Atlanta Hawks,5,4.975(4.975),0(0),0(0),15.92(15.92),13.433(13.433),0(0),0(0),38.308(38.308),0(0),14.925(14.925)
Dwight Powell,Dallas Mavericks,5,6.468(6.468),0(0),0(0),23.383(23.383),0(0),14.428(14.428),0(0),26.866(26.866),9.453(9.453),9.204(9.204)
Amar'e Stoudemire,Miami Heat,5,4.04(4.04),0(0),0(0),27.273(27.273),19.192(19.192),3.704(3.704),0(0),19.529(19.529),3.704(3.704),14.141(14.141)
Kevin Seraphin,New York Knicks,7,5.814(5.814),5.426(5.426),0(0),13.566(13.566),43.411(43.411),6.977(6.977),0(0),10.853(10.853),0(0),4.651(4.651)
James Johnson,Toronto Raptors,4,15.432(15.432),17.284(17.284),6.481(6.481),0(0),5.556(5.556),30.556(30.556),0(0),6.481(6.481),4.012(4.012),5.247(5.247)
Richard Jefferson,Cleveland Cavaliers,9,16.41(16.41),4.103(4.103),6.41(6.41),0(0),0(0),47.692(47.692),7.949(7.949),5.385(5.385),4.872(4.872),0(0)
Kyle O'Quinn,New York Knicks,7,6.389(6.389),6.389(6.389),0(0),19.722(19.722),18.333(18.333),14.722(14.722),0(0),14.167(14.167),0(0),10.0(10.0)
CJ Watson,,12,21.91(21.91),5.618(5.618),25.843(25.843),0(0),0(0),21.91(21.91),0(0),0(0),0(0),0(0)
Steve Blake,,10,8.485(8.485),3.03(3.03),41.515(41.515),0(0),0(0),23.636(23.636),6.364(6.364),0(0),3.636(3.636),0(0)
Ryan Kelly,Los Angeles Lakers,0,13.99(13.99),6.736(6.736),0(0),10.881(10.881),9.326(9.326),31.606(31.606),0(0),5.181(5.181),0(0),7.772(7.772)
Thomas Robinson,Brooklyn Nets,5,9.181(9.181),6.7(6.7),0(0),26.303(26.303),4.963(4.963),5.955(5.955),0(0),11.911(11.911),0(0),24.566(24.566)
Ed Davis,Portland Trail Blazers,5,3.112(3.112),0(0),0(0),24.896(24.896),4.357(4.357),0(0),0(0),26.971(26.971),0(0),28.423(28.423)
Tyler Ennis,,12,14.98(14.98),6.883(6.883),40.081(40.081),0(0),0(0),19.838(19.838),4.858(4.858),0(0),0(0),0(0)
Andrew Bogut,Golden State Warriors,5,4.974(4.974),0(0),0(0),9.686(9.686),6.544(6.544),0(0),0(0),36.649(36.649),0(0),18.848(18.848)
JaVale McGee,Dallas Mavericks,5,0(0),0(0),0(0),22.674(22.674),7.558(7.558),5.814(5.814),0(0),29.07(29.07),0(0),19.767(19.767)
Andre Roberson,Oklahoma City Thunder,9,26.647(26.647),0(0),0(0),0(0),0(0),33.832(33.832),0(0),17.964(17.964),0(0),12.275(12.275)
Nemanja Bjelica,Minnesota Timberwolves,0,9.446(9.446),10.098(10.098),0(0),12.378(12.378),4.56(4.56),32.573(32.573),0(0),7.818(7.818),0(0),8.795(8.795)
Kendall Marshall,,10,8.383(8.383),11.377(11.377),29.341(29.341),0(0),5.988(5.988),28.144(28.144),0(0),0(0),0(0),0(0)
Miles Plumlee,Milwaukee Bucks,5,5.648(5.648),0(0),0(0),20.266(20.266),12.292(12.292),0(0),0(0),30.897(30.897),0(0),17.276(17.276)
Kyle Anderson,San Antonio Spurs,4,15.641(15.641),13.59(13.59),9.744(9.744),0(0),9.744(9.744),27.949(27.949),4.872(4.872),4.103(4.103),0(0),3.59(3.59)
Rashad Vaughn,,9,19.601(19.601),0(0),7.309(7.309),0(0),0(0),46.512(46.512),4.651(4.651),0(0),13.289(13.289),0(0)
Cole Aldrich,Los Angeles Clippers,5,4.268(4.268),0(0),0(0),43.293(43.293),6.402(6.402),0(0),0(0),21.037(21.037),0(0),14.024(14.024)
John Jenkins,,12,21.239(21.239),0(0),26.549(26.549),0(0),0(0),16.814(16.814),0(0),0(0),11.504(11.504),0(0)
Jonas Jerebko,Boston Celtics,0,14.247(14.247),0(0),0(0),11.828(11.828),4.839(4.839),36.559(36.559),0(0),11.828(11.828),0(0),6.989(6.989)
Shabazz Napier,,10,14.717(14.717),7.17(7.17),40.377(40.377),0(0),0(0),25.66(25.66),4.906(4.906),0(0),0(0),0(0)
Quincy Acy,Sacramento Kings,0,13.333(13.333),0(0),0(0),14.074(14.074),0(0),26.667(26.667),0(0),18.148(18.148),0(0),12.963(12.963)
Chase Budinger,Indiana Pacers,9,25.806(25.806),0(0),8.607(8.607),0(0),0(0),24.194(24.194),4.508(4.508),10.656(10.656),15.984(15.984),8.607(8.607)
Brandon Rush,Golden State Warriors,9,25.402(25.402),0(0),3.859(3.859),0(0),0(0),42.444(42.444),0(0),6.752(6.752),7.717(7.717),3.215(3.215)
Joe Ingles,,9,10.774(10.774),4.42(4.42),15.47(15.47),0(0),0(0),44.751(44.751),14.641(14.641),0(0),3.039(3.039),0(0)
Noah Vonleh,Portland Trail Blazers,0,7.736(7.736),2.865(2.865),0(0),18.338(18.338),7.163(7.163),24.928(24.928),0(0),11.748(11.748),0(0),16.046(16.046)
Ray McCallum,San Antonio Spurs,11,12.048(12.048),0(0),27.711(27.711),0(0),0(0),13.83(13.83),12.766(12.766),13.253(13.253),10.638(10.638),0(0)
Josh McRoberts,Miami Heat,0,0(0),12.755(12.755),0(0),18.367(18.367),0(0),34.184(34.184),0(0),7.143(7.143),0(0),0(0)
Solomon Hill,Indiana Pacers,4,21.154(21.154),6.538(6.538),5.0(5.0),5.0(5.0),0(0),28.846(28.846),0(0),10.385(10.385),5.0(5.0),6.923(6.923)
James Anderson,,1,26.496(26.496),0(0),16.667(16.667),0(0),0(0),32.906(32.906),7.692(7.692),0(0),4.273(4.273),0(0)
Bismack Biyombo,Toronto Raptors,5,3.426(3.426),0(0),0(0),19.272(19.272),3.64(3.64),0(0),0(0),34.047(34.047),0(0),22.698(22.698)
Alonzo Gee,New Orleans Pelicans,9,31.065(31.065),0(0),2.959(2.959),0(0),0(0),32.84(32.84),0(0),12.722(12.722),0(0),8.58(8.58)
Darrun Hilliard,Detroit Pistons,10,13.174(13.174),0(0),29.94(29.94),0(0),0(0),27.545(27.545),5.988(5.988),8.982(8.982),0(0),0(0)
Drew Gooden,,0,9.091(9.091),0(0),0(0),26.446(26.446),0(0),26.446(26.446),0(0),0(0),0(0),14.05(14.05)
Willie Reed,Brooklyn Nets,5,0(0),0(0),0(0),25.287(25.287),8.621(8.621),0(0),0(0),31.035(31.035),0(0),22.414(22.414)
Glenn Robinson,Indiana Pacers,9,26.344(26.344),0(0),9.14(9.14),0(0),0(0),25.806(25.806),5.376(5.376),12.903(12.903),10.215(10.215),0(0)
Kelly Oubre,Washington Wizards,9,21.509(21.509),0(0),9.434(9.434),0(0),0(0),31.321(31.321),6.792(6.792),11.321(11.321),4.906(4.906),6.415(6.415)
Phil Pressey,,12,40.0(40.0),0(0),35.0(35.0),0(0),0(0),16.25(16.25),0(0),0(0),0(0),0(0)
Axel Toupane,Denver Nuggets,9,17.073(17.073),0(0),0(0),0(0),0(0),58.537(58.537),0(0),14.634(14.634),0(0),0(0)
Kyle Singler,Oklahoma City Thunder,9,18.45(18.45),0(0),0(0),0(0),0(0),40.221(40.221),5.535(5.535),12.546(12.546),0(0),8.856(8.856)
Jeff Withey,Utah Jazz,5,5.991(5.991),0(0),0(0),17.972(17.972),0(0),7.834(7.834),0(0),37.327(37.327),0(0),17.051(17.051)
Johnny O'Bryant,Milwaukee Bucks,0,6.25(6.25),0(0),0(0),13.281(13.281),7.031(7.031),26.953(26.953),0(0),20.313(20.313),0(0),13.672(13.672)
Justin Anderson,Dallas Mavericks,1,17.621(17.621),5.286(5.286),14.097(14.097),0(0),0(0),32.159(32.159),6.608(6.608),4.405(4.405),7.489(7.489),4.405(4.405)
Kevin Garnett,Minnesota Timberwolves,0,9.286(9.286),0(0),0(0),20.0(20.0),18.571(18.571),25.714(25.714),0(0),9.286(9.286),0(0),0(0)
Dewayne Dedmon,Orlando Magic,5,8.264(8.264),0(0),0(0),27.273(27.273),6.198(6.198),0(0),0(0),24.38(24.38),0(0),18.595(18.595)
Robert Sacre,Los Angeles Lakers,7,0(0),0(0),0(0),23.585(23.585),17.924(17.924),10.377(10.377),0(0),14.151(14.151),0(0),16.981(16.981)
Tayshaun Prince,Minnesota Timberwolves,9,13.534(13.534),0(0),7.895(7.895),3.759(3.759),7.895(7.895),43.609(43.609),0(0),8.647(8.647),0(0),0(0)
Omer Asik,New Orleans Pelicans,5,0(0),0(0),0(0),21.29(21.29),0(0),0(0),0(0),34.839(34.839),0(0),23.548(23.548)
Kirk Hinrich,,1,20.53(20.53),0(0),27.815(27.815),0(0),0(0),25.166(25.166),8.609(8.609),0(0),0(0),0(0)
Luc Mbah a Moute,Los Angeles Clippers,0,18.421(18.421),0(0),0(0),7.519(7.519),0(0),29.699(29.699),0(0),24.812(24.812),0(0),8.271(8.271)
Chris Johnson,Utah Jazz,9,15.02(15.02),0(0),7.115(7.115),0(0),0(0),47.431(47.431),11.462(11.462),5.138(5.138),0(0),0(0)
Tarik Black,Los Angeles Lakers,5,0(0),0(0),0(0),28.859(28.859),10.067(10.067),0(0),0(0),16.778(16.778),0(0),20.134(20.134)
Chris Andersen,Memphis Grizzlies,5,0(0),0(0),0(0),23.256(23.256),0(0),12.791(12.791),0(0),19.767(19.767),0(0),19.767(19.767)
Reggie Bullock,,9,16.071(16.071),0(0),0(0),0(0),0(0),46.429(46.429),9.821(9.821),0(0),0(0),0(0)
Andre Miller,Minnesota Timberwolves,10,0(0),0(0),37.879(37.879),0(0),0(0),15.151(15.151),0(0),12.222(12.222),0(0),0(0)
Kostas Papanikolaou,,9,11.828(11.828),0(0),13.979(13.979),0(0),0(0),37.634(37.634),10.753(10.753),0(0),0(0),0(0)
Sonny Weems,Phoenix Suns,1,14.394(14.394),0(0),21.97(21.97),0(0),0(0),25.0(25.0),11.364(11.364),9.848(9.848),0(0),0(0)
Pablo Prigioni,,3,12.563(12.563),8.04(8.04),44.221(44.221),0(0),0(0),18.593(18.593),0(0),0(0),0(0),0(0)
Cristiano Felicio,Chicago Bulls,5,0(0),0(0),0(0),33.333(33.333),0(0),14.706(14.706),0(0),16.667(16.667),0(0),15.686(15.686)
Salah Mejri,Dallas Mavericks,5,0(0),0(0),0(0),23.387(23.387),0(0),0(0),0(0),38.71(38.71),0(0),11.29(11.29)
Jason Thompson,Toronto Raptors,0,0(0),0(0),0(0),17.073(17.073),0(0),25.61(25.61),0(0),15.854(15.854),0(0),17.073(17.073)
Lamar Patterson,Atlanta Hawks,9,11.403(11.403),0(0),11.403(11.403),0(0),0(0),42.982(42.982),0(0),9.649(9.649),0(0),0(0)
Ryan Hollins,Memphis Grizzlies,5,0(0),0(0),0(0),14.286(14.286),0(0),0(0),0(0),30.0(30.0),0(0),18.571(18.571)
Kendrick Perkins,New Orleans Pelicans,7,0(0),0(0),0(0),24.219(24.219),17.969(17.969),0(0),0(0),18.75(18.75),0(0),0(0)
Nick Collison,Oklahoma City Thunder,5,0(0),0(0),0(0),25.581(25.581),0(0),0(0),0(0),24.419(24.419),0(0),20.93(20.93)
Sergey Karasev,Brooklyn Nets,1,13.084(13.084),0(0),20.561(20.561),0(0),0(0),30.841(30.841),0(0),10.28(10.28),0(0),0(0)
