PLAYER_NAME,Transition,Isolation,PRBallHandler,PRRollman,Postup,Spotup,Handoff,Cut,OffScreen,OffRebound
DeMarcus Cousins,12.64,11.15,1.17,14.83,19.36,16.43,2.51,5.23,2.51,6.99
Stephen Curry,20.11,10.01,26.18,0.75,0,9.06,4.73,5.97,14.19,1.59
James Harden,21.01,24.17,25.88,0,4.78,8.16,3.71,1.67,3.42,1.24
Damian Lillard,10.49,17.24,42.96,0,0,8.01,6.59,3.11,5.59,0.95
Kevin Durant,15.13,14.91,19.01,5.46,8.14,11.03,2.18,3.99,14.15,1.26
Anthony Davis,8.06,8.69,0,24.67,18.36,13.03,0.98,7.5,6.52,6.45
LeBron James,19.45,19.07,21.55,3.61,10.61,6.68,1.89,5.66,2.1,3.61
Carmelo Anthony,8.14,23.69,13.14,1.75,22.24,11.45,2.59,3.13,3.98,4.16
Russell Westbrook,23.28,12.45,35.39,0,9.31,6.91,2.3,1.86,0.98,2.99
Paul George,16.17,14.0,21.15,1.14,3.37,11.25,5.34,3.68,16.02,1.97
CJ McCollum,13.1,11.35,37.37,0,0,14.78,7.8,2.21,7.97,1.22
DeMar DeRozan,7.91,16.15,32.35,0,8.46,10.64,4.2,1.58,13.58,1.2
John Wall,23.55,11.16,40.23,0,0.89,12.83,2.51,0.89,1.56,1.0
Klay Thompson,17.54,5.02,7.13,0.87,3.66,17.05,3.6,8.43,31.0,1.18
Blake Griffin,11.08,9.41,5.67,21.01,21.26,13.27,0,5.41,2.71,3.61
Brandon Knight,12.86,10.41,42.69,0,0,14.0,7.44,2.36,5.07,1.05
Isaiah Thomas,22.79,7.96,30.97,0,0,13.3,9.32,1.74,8.56,0.93
Kobe Bryant,9.62,19.91,20.95,0.89,13.65,12.68,6.94,1.79,7.23,1.94
Kyrie Irving,13.08,14.3,43.55,0,1.87,10.65,4.3,1.31,4.3,1.4
Kemba Walker,13.8,7.7,46.71,0,0,13.97,5.98,1.95,3.26,1.3
Dwyane Wade,12.76,10.98,34.84,0,10.53,7.28,4.4,5.04,5.55,3.77
Nikola Vucevic,5.12,7.15,0.89,18.37,28.29,13.41,0.89,9.59,1.54,9.51
Andrew Wiggins,11.73,10.23,18.89,2.83,12.02,9.88,6.7,5.49,14.5,4.45
Derrick Rose,14.59,9.73,43.47,0,0,16.68,3.55,3.47,1.31,2.16
Eric Bledsoe,18.73,13.13,38.2,0,1.62,12.24,2.65,1.62,4.42,0
Brook Lopez,3.65,6.58,0,21.2,29.77,8.5,0.73,13.69,1.26,9.9
Reggie Jackson,13.22,11.41,55.86,0,0,8.17,2.06,1.06,1.25,1.31
Kyle Lowry,16.82,9.76,35.73,0.74,1.84,15.72,5.46,0.68,6.14,1.17
Jimmy Butler,12.15,12.29,31.71,0.87,5.67,10.62,5.53,9.16,4.95,2.69
Kawhi Leonard,12.83,11.77,13.66,1.06,12.98,23.47,6.42,4.3,6.57,3.47
Chris Paul,12.89,15.25,51.91,0,1.39,6.24,3.26,0,0.9,0.97
Gordon Hayward,13.57,10.96,24.41,0.87,2.05,19.49,11.52,3.86,7.53,1.99
Dirk Nowitzki,4.64,4.64,0,18.57,29.6,22.22,0.76,3.2,8.6,2.66
Jahlil Okafor,6.6,18.98,0,13.1,31.98,4.57,0,11.07,0,8.53
Bradley Beal,17.45,5.95,29.47,0,0,13.24,7.19,3.39,15.2,1.44
Khris Middleton,13.55,11.13,18.05,1.73,8.09,16.39,10.3,2.07,11.83,1.31
Chris Bosh,4.56,13.38,1.14,24.38,8.61,26.97,1.24,4.56,7.47,3.01
Rudy Gay,18.28,15.4,7.02,4.95,10.53,19.47,2.23,5.99,5.91,6.38
Jrue Holiday,10.45,8.78,51.67,0,1.42,8.61,5.6,2.01,3.85,1.34
LaMarcus Aldridge,4.84,1.17,0,20.16,33.67,15.63,0,8.98,2.73,9.84
Karl-Anthony Towns,7.33,6.64,0,24.76,17.36,11.06,0,8.02,5.6,11.55
Ryan Anderson,8.35,9.25,2.33,15.08,17.5,20.11,1.35,2.6,10.23,9.43
Jordan Clarkson,15.42,9.98,35.98,0,0.76,13.61,5.9,5.37,5.74,3.25
Pau Gasol,4.97,5.83,0,21.21,20.67,20.2,0,7.23,1.71,8.7
Marc Gasol,1.92,5.56,0,22.12,40.17,10.47,0,8.23,1.39,3.21
Avery Bradley,20.03,3.89,13.52,0,0,20.29,17.16,4.56,14.62,1.86
Victor Oladipo,17.86,7.26,32.46,0,0,17.54,8.65,4.65,4.65,1.88
Zach Randolph,3.07,15.82,0,9.67,36.17,10.04,0,6.24,1.27,11.66
Emmanuel Mudiay,15.28,6.66,42.97,0,2.79,14.95,4.77,2.88,3.53,1.4
Danilo Gallinari,9.91,18.89,11.97,4.02,8.46,21.26,6.6,5.37,4.75,3.51
Thaddeus Young,16.11,8.35,2.13,18.07,15.94,9.29,0,15.94,1.19,8.78
Paul Millsap,10.86,7.86,1.46,17.95,16.01,19.42,0.9,11.69,3.2,5.85
Derrick Favors,3.62,2.54,0,22.09,22.58,10.65,0,22.68,0,8.6
Andre Drummond,6.04,3.6,0,13.16,27.48,1.49,0,12.42,0,23.27
Al Horford,10.02,3.29,0,24.73,13.89,23.09,0,10.68,3.53,5.51
Kevin Love,9.04,3.33,0,15.31,24.58,26.33,1.51,4.28,4.6,5.63
Giannis Antetokounmpo,20.41,15.49,9.99,2.5,8.14,16.49,2.5,10.92,1.07,6.0
Monta Ellis,17.48,7.33,38.32,0,0,14.66,6.72,1.91,5.65,1.37
Kentavious Caldwell-Pope,22.18,4.99,22.36,0,0,25.54,5.25,3.18,8.08,3.44
Tyreke Evans,14.55,17.37,38.97,0,0,11.27,6.81,0,0,2.35
Ish Smith,16.61,10.73,45.67,0,0,15.22,4.13,0,1.3,1.3
Nicolas Batum,10.57,9.34,22.71,0,4.98,13.28,12.14,2.45,15.98,2.18
Mike Conley,11.35,6.42,43.35,0,0,12.5,9.4,2.64,8.03,1.38
Jeff Teague,17.38,13.94,40.64,0,0.97,10.29,5.52,1.57,3.28,0
Rodney Hood,7.77,8.7,29.31,0,2.45,28.55,11.06,2.03,4.05,1.6
Kristaps Porzingis,7.16,6.08,1.16,13.69,15.03,24.78,0,10.73,7.51,7.25
Goran Dragic,20.6,6.16,37.94,0,0,15.76,5.81,2.73,3.79,2.29
Eric Gordon,16.25,6.94,26.44,0,0,27.62,6.65,1.48,11.08,0
Will Barton,22.27,7.42,23.98,0,0.82,22.59,7.01,4.0,3.18,3.26
D'Angelo Russell,15.78,5.91,38.27,0,6.15,15.45,4.53,3.88,2.91,2.02
Greg Monroe,5.4,5.15,0,10.81,33.83,6.23,0,17.62,1.08,14.13
Deron Williams,10.45,11.05,27.61,0,8.58,16.67,5.82,1.78,11.54,0
Jamal Crawford,11.85,22.4,29.61,0,0,18.03,8.76,0,3.35,0.94
Marcus Morris,11.01,14.6,12.26,4.25,13.76,22.69,3.34,2.0,4.84,4.34
Jabari Parker,18.19,9.14,6.0,4.93,7.08,22.49,1.79,17.2,2.42,6.27
Evan Fournier,16.01,5.05,21.83,0,0,24.83,8.65,4.45,12.59,1.46
JJ Redick,12.18,2.49,5.47,0,0,16.59,18.5,1.44,38.73,0
Zach LaVine,21.52,8.21,29.06,0,0,14.07,10.72,1.93,7.29,1.42
Tobias Harris,12.05,10.84,8.68,6.32,8.43,26.75,3.09,3.13,2.41,4.34
Devin Booker,18.61,6.17,26.81,0,3.26,11.38,7.23,4.06,13.32,1.06
Arron Afflalo,13.18,8.79,8.04,0,16.93,23.37,6.97,3.32,14.9,0
Markieff Morris,6.94,5.38,2.31,15.86,15.86,14.77,0,5.95,6.8,4.8
Jarrett Jack,10.93,10.12,43.93,0,0,18.42,4.66,0,2.83,0
Serge Ibaka,12.44,1.75,0,26.92,3.01,29.83,0,10.01,2.04,6.9
Jae Crowder,20.7,2.1,7.3,3.8,3.5,33.0,6.5,5.6,7.4,3.5
J.R. Smith,15.3,12.75,7.86,0,1.28,33.69,4.57,1.81,16.58,0
Wesley Matthews,10.91,5.76,9.19,1.31,9.9,36.16,6.57,2.73,11.92,1.11
Rajon Rondo,19.81,7.39,39.26,0,0,15.4,2.38,3.79,0,2.46
Alec Burks,15.54,11.71,31.53,0,0,21.4,7.66,3.6,0,0
Norris Cole,16.92,3.76,47.69,0,0,16.41,7.01,0,0,0
Al Jefferson,1.87,0,0,16.87,51.79,4.77,0,13.8,0,5.79
Chandler Parsons,15.51,7.69,18.61,1.24,3.1,28.16,4.96,5.58,9.06,1.61
Robert Covington,20.02,4.11,4.55,5.52,0,37.23,8.12,3.46,4.87,3.9
Joe Johnson,9.09,11.36,27.27,0,10.71,25.97,1.95,0,4.87,1.43
Trevor Ariza,24.02,3.84,7.11,1.34,0,40.35,3.94,3.46,8.36,3.07
Darren Collison,30.09,11.13,25.28,0,0,18.36,3.41,3.21,0,1.0
DeMarre Carroll,21.36,5.88,9.29,0,0,32.51,3.41,8.05,8.05,4.33
Lou Williams,14.15,9.33,43.69,0,0,10.26,7.9,1.54,8.82,1.54
Julius Randle,15.77,21.79,2.19,9.39,11.94,11.21,0,8.66,2.19,10.39
Jeff Green,16.56,12.19,6.25,3.34,12.81,29.06,4.06,5.0,5.81,3.44
Michael Carter-Williams,13.32,11.78,32.52,0,4.74,14.72,2.43,8.19,1.28,2.94
Michael Beasley,15.14,17.53,5.18,12.35,5.58,20.32,0,7.97,0,7.17
Marcin Gortat,7.56,1.12,0,23.08,15.63,1.63,0,31.36,0,10.73
Luol Deng,15.48,4.28,2.85,7.03,6.7,35.46,1.87,9.55,4.5,6.92
Gary Harris,21.38,3.95,10.42,0,0,26.54,14.69,9.76,7.68,1.97
Draymond Green,18.54,5.0,5.0,12.63,8.7,19.69,1.31,9.68,2.3,7.05
Elfrid Payton,15.38,7.13,34.83,0,0,18.02,5.7,5.4,1.93,4.07
Jared Sullinger,6.92,5.8,0,16.79,16.28,20.85,0,8.85,4.78,12.51
George Hill,20.64,4.77,28.75,0,1.22,19.76,4.11,3.44,9.21,2.44
Trey Burke,12.18,6.83,34.67,0,0,24.1,13.39,0,3.35,0
CJ Miles,20.42,2.64,7.11,2.5,0,29.12,10.54,0,18.71,2.37
Tony Parker,12.5,5.54,50.98,0,0,11.96,4.78,2.72,6.96,0
Mirza Teletovic,13.67,2.91,1.29,8.93,13.46,32.51,4.74,2.05,12.06,3.98
Dennis Schroder,9.57,6.89,54.35,0,0,12.34,6.12,1.53,4.5,0
Kent Bazemore,23.43,4.75,15.12,0,0,30.13,6.8,8.86,4.64,1.51
Otto Porter,24.64,1.55,9.88,2.62,1.31,28.93,2.5,9.4,7.26,7.14
Jose Juan Barea,8.59,8.94,52.85,0,0,17.19,5.11,1.16,1.74,0
Harrison Barnes,19.12,8.69,4.41,2.94,12.7,29.55,1.34,9.63,4.14,3.61
Bojan Bogdanovic,18.66,7.81,12.26,0,7.16,31.02,2.39,4.88,9.76,1.84
Isaiah Canaan,18.38,11.07,20.32,0,0,27.85,8.9,2.28,5.59,0
TJ Warren,23.46,4.17,10.34,0,0,22.27,4.37,9.15,10.93,8.95
Marco Belinelli,13.04,0,13.3,0,0,20.34,9.26,3.78,33.64,0
Kenneth Faried,13.27,2.21,0,16.22,11.55,5.16,0,20.76,0,21.25
Evan Turner,15.02,10.51,31.53,0,10.51,13.81,5.71,4.3,2.2,2.3
Jeremy Lin,13.2,7.39,32.71,0,0,21.87,7.29,4.24,7.09,0
Hassan Whiteside,3.97,2.09,0,20.77,21.92,1.98,0,18.06,0,20.46
Nikola Mirotic,11.63,3.92,2.78,7.59,11.13,36.41,5.31,5.56,5.06,4.55
Marvin Williams,8.11,0,2.05,14.84,4.34,39.5,3.65,6.39,4.57,9.02
Matt Barnes,20.74,2.88,5.3,3.34,2.3,31.11,3.11,9.33,7.03,6.22
Dion Waiters,19.08,15.18,25.45,0,0,24.44,3.57,0,7.03,1.12
Omri Casspi,23.51,2.65,4.42,2.78,1.26,38.18,4.55,9.23,4.68,4.55
Ersan Ilyasova,9.14,0,0,17.2,6.99,20.43,1.63,13.98,6.35,21.51
Jonas Valanciunas,3.94,0,0,14.21,27.43,3.23,0,20.68,0,20.25
Marcus Thornton,12.7,4.6,25.4,0,0,28.57,6.6,4.4,10.32,3.4
Myles Turner,7.42,4.02,0,27.82,21.95,8.35,0,13.91,2.47,6.8
Hollis Thompson,19.14,1.65,6.59,0,0,39.67,11.28,4.56,8.24,4.18
Al-Farouq Aminu,17.91,3.78,8.45,4.0,2.11,37.37,6.01,5.12,5.01,5.78
Nerlens Noel,10.45,9.27,0,18.43,10.21,8.33,0,21.24,0,12.79
Sean Kilpatrick,21.52,3.64,19.21,0,0,41.38,3.64,6.62,8.28,0
Enes Kanter,8.84,1.49,0,20.23,18.96,5.11,0,16.72,0,21.73
Marcus Smart,16.84,4.69,18.16,0,6.15,25.18,5.86,4.98,2.93,6.73
Terrence Ross,13.77,6.03,11.76,0,0,34.29,5.45,0,23.67,0
Raymond Felton,8.64,10.23,45.0,0,0,22.27,2.61,1.82,2.27,0
Gerald Green,17.34,3.29,7.32,0,2.84,34.98,11.81,3.59,11.21,2.84
Dwight Howard,6.26,0,0,9.34,30.49,0,0,22.18,0,14.78
Jerryd Bayless,15.6,7.16,21.1,0,0,29.91,8.99,2.57,8.62,0
Patrick Beverley,20.11,7.99,19.01,1.93,0,36.5,2.62,0,0,3.44
Allen Crabbe,17.86,0,9.18,3.19,0,32.53,10.84,4.34,16.33,1.28
Shabazz Muhammad,20.21,5.23,6.85,0,9.87,20.67,4.18,9.06,10.45,9.41
Stanley Johnson,18.71,9.22,21.74,0,4.35,25.69,6.72,2.11,2.37,4.48
Gary Neal,13.83,6.12,24.47,0,0,25.27,9.84,0,14.1,0
Courtney Lee,17.0,5.53,17.0,0,0,39.53,7.11,3.95,5.93,2.24
Robin Lopez,2.53,1.49,0,12.97,29.16,3.79,0,18.6,0,22.5
Kelly Olynyk,13.89,2.92,0,19.44,7.31,24.85,4.97,7.46,5.7,6.58
Alex Len,4.47,2.52,0,11.34,29.55,9.05,0,19.7,1.83,12.71
Shelvin Mack,13.54,6.89,35.63,0,0,23.75,11.64,0,0,0
Doug McDermott,16.34,0,3.6,0,2.91,28.12,13.99,10.25,15.65,4.02
Luis Scola,13.62,0,0,18.44,15.46,29.36,0,7.8,0,8.23
Jameer Nelson,9.3,7.75,47.03,0,0,20.67,7.24,0,0,0
O.J. Mayo,17.8,3.9,15.12,0,2.44,26.34,10.98,2.93,8.78,0
Jerami Grant,16.05,11.86,2.67,10.47,5.7,24.88,2.79,12.56,2.44,6.05
Jeremy Lamb,11.89,6.87,24.29,0,0,18.76,5.86,8.04,15.91,4.69
Ricky Rubio,18.5,3.92,40.7,0,0,22.63,4.03,1.09,0,0
Austin Rivers,14.42,14.26,33.28,0,0,19.49,6.66,4.75,2.54,0
Kyle Korver,13.85,0,6.79,0,0,23.96,13.16,3.46,31.44,0
Rodney Stuckey,21.58,5.65,31.51,0,0,16.27,8.73,3.25,4.62,0
Patty Mills,13.64,2.25,28.41,0,0,24.33,7.74,4.92,12.24,0
Jusuf Nurkic,3.24,0,0,24.48,31.86,3.24,0,11.8,0,15.34
Kevin Martin,14.55,13.07,9.09,0,4.13,28.18,5.28,9.09,16.36,0
Jordan Hill,4.71,4.85,0,19.83,24.11,7.56,0,17.26,0,13.12
Nikola Jokic,5.94,3.54,0,19.47,19.85,10.75,0,15.42,0,13.65
Aaron Gordon,17.45,4.12,5.08,7.01,4.26,0,2.47,12.23,0,14.56
Manu Ginobili,9.76,6.16,23.8,0,0,27.23,7.71,6.85,7.88,0
Nik Stauskas,17.85,4.21,15.53,0,0,38.9,9.29,2.32,6.97,1.6
Wayne Ellington,16.03,2.38,17.78,0,0,31.9,7.14,4.13,14.76,1.59
Gerald Henderson,13.06,8.56,18.17,0,7.81,22.07,7.36,5.26,8.26,2.4
Mo Williams,14.67,4.0,43.2,0,0,18.4,6.93,0,4.27,0
Archie Goodwin,21.26,8.31,25.91,0,0,20.1,5.15,5.65,1.83,3.32
Tony Allen,23.63,4.66,5.16,0,2.5,23.29,3.0,17.3,0,10.98
Terrence Jones,16.7,5.78,0,11.99,7.92,23.34,0,14.78,0,8.78
Mario Chalmers,15.19,5.82,32.61,0,0,16.8,5.98,2.26,2.42,2.26
Cory Joseph,9.4,11.23,46.21,0,0,19.19,3.0,0,1.96,0
Tim Duncan,4.47,0,0,24.23,25.94,5.33,0,18.04,0,8.25
Toney Douglas,17.33,6.86,37.18,0,0,19.49,7.4,3.07,0,0
Ramon Sessions,25.9,3.61,35.06,0,0,17.71,3.49,5.18,3.01,0
Meyers Leonard,6.78,0,0,26.37,5.84,35.4,0,7.16,2.45,4.14
Langston Galloway,22.05,4.76,17.44,0,0,27.95,8.07,5.04,6.05,2.74
PJ Tucker,18.1,3.17,6.61,1.59,8.45,29.46,1.59,7.66,2.11,13.34
Danny Green,20.97,1.82,4.41,0,0,42.71,5.02,4.86,10.49,3.04
Gorgui Dieng,7.24,3.74,0,22.32,15.68,14.23,0,16.89,0,8.81
Derrick Williams,20.59,10.9,5.11,7.4,9.56,21.0,2.69,10.9,4.98,3.77
Bobby Portis,9.69,8.53,0,16.09,16.47,19.38,0,6.01,0,16.67
Darrell Arthur,8.3,2.42,0,20.76,7.96,30.1,0,11.76,2.6,7.79
Jon Leuer,10.62,7.88,0,23.46,7.53,23.63,1.88,8.9,0,8.39
Carl Landry,5.43,5.43,0,17.25,20.45,16.61,0,15.34,0,12.14
Nick Young,14.45,6.99,16.55,0,0,28.9,7.23,0,17.72,0
Lance Stephenson,18.22,13.33,21.33,0,5.13,27.11,3.85,3.59,0,5.33
Taj Gibson,4.52,1.72,0,12.01,24.34,5.77,0,26.05,0,18.56
Aaron Brooks,10.42,7.12,56.08,0,0,0,6.77,0,0,0
Nene,7.52,6.61,0,16.88,31.01,6.06,0,21.28,0,3.49
Tyler Johnson,11.36,5.05,27.76,0,0,26.81,9.46,3.79,4.42,3.47
Matthew Dellavedova,8.96,3.4,46.68,0,0,23.18,6.03,1.7,2.01,0
Corey Brewer,33.0,2.03,4.63,0,0,32.71,6.66,4.92,6.51,2.32
Ben McLemore,26.21,4.51,8.18,0,0,27.71,6.34,6.01,13.36,1.84
E'Twaun Moore,18.24,3.3,24.84,0,2.42,27.69,9.67,4.84,0,2.64
DeAndre Jordan,7.52,0,0,20.31,7.18,0,0,20.76,0,17.4
Jason Smith,4.58,0,0,40.41,2.38,26.99,0,6.28,3.74,4.58
Frank Kaminsky,6.17,3.86,0,20.52,10.8,33.02,1.7,9.41,2.93,4.78
Lance Thomas,13.14,6.57,5.95,2.46,5.34,39.01,0,8.62,5.75,3.9
Wesley Johnson,20.68,1.88,2.05,5.81,0,41.54,8.55,5.47,5.98,2.22
Joffrey Lauvergne,8.14,3.0,0,24.63,14.13,19.06,0,13.06,0,9.64
Shane Larkin,14.08,6.18,46.98,0,0,12.36,6.32,5.32,0,0
Josh Smith,12.56,12.56,9.3,13.02,4.65,18.59,0,7.91,0,4.96
Marreese Speights,7.02,5.09,0,21.75,8.6,18.95,0,10.18,10.7,10.7
JaMychal Green,8.68,3.31,0,14.83,13.88,17.98,0,15.93,0,17.98
Garrett Temple,31.67,2.25,9.81,0,0,32.48,2.57,4.18,7.88,2.41
Brandon Jennings,18.4,8.49,37.74,0,0,13.81,7.73,0,0,0
Ian Mahinmi,7.83,2.3,0,20.89,10.75,7.99,0,29.65,0,9.06
Mason Plumlee,12.65,5.35,0,20.8,8.64,4.26,0,22.99,0,11.44
Jose Calderon,10.23,2.15,38.06,0,0,22.98,7.72,2.87,7.72,0
Patrick Patterson,10.31,0,0,14.16,2.45,52.8,0,2.62,0,8.57
Zaza Pachulia,4.05,5.59,0,17.88,4.19,9.08,0,31.42,0,15.08
PJ Hairston,18.99,0,8.18,0,0,29.75,5.97,0,5.03,3.77
David Lee,8.7,5.53,0,21.69,11.11,7.11,0,17.0,0,10.67
Luke Babbitt,13.86,4.52,6.93,0,0,43.98,4.82,0,10.84,6.63
Mike Dunleavy,15.35,0,5.7,0,0,28.07,11.84,11.4,17.11,0
Andrea Bargnani,3.67,5.2,0,33.03,4.28,28.75,0,8.56,4.89,6.42
Jared Dudley,20.36,0,0,13.46,0,43.35,0,6.73,5.58,2.96
Greivis Vasquez,9.04,0,31.91,0,0,34.04,7.45,0,0,0
Cody Zeller,11.2,1.98,0,28.83,2.64,11.7,0,19.77,3.79,10.38
Justise Winslow,24.1,2.46,7.05,0,3.44,30.16,4.26,11.97,0,7.54
Randy Foye,15.43,7.39,21.28,0,0,39.36,6.4,0,3.94,0
Paul Pierce,13.64,7.85,2.07,16.32,6.4,39.46,0,0,6.4,0
Devin Harris,21.13,3.62,22.33,0,0,28.77,4.83,5.84,3.42,0
Rudy Gobert,6.6,1.82,0,17.49,3.96,2.15,0,29.21,0,23.27
David West,7.13,3.47,0,19.38,21.02,17.92,0,14.81,2.01,6.03
TJ McConnell,13.14,6.89,45.99,0,0,12.5,7.37,2.56,3.04,2.08
Donald Sloan,17.57,6.07,32.85,0,0,20.5,5.44,8.16,0,0
Vince Carter,9.51,4.88,16.34,0,8.29,28.29,7.8,4.15,8.05,4.88
Kosta Koufos,7.81,0,0,21.0,13.2,0,0,32.71,0,17.1
D.J. Augustin,13.69,6.54,33.93,0,0,13.4,9.52,0,0,0
Andre Iguodala,23.81,7.87,7.66,0,2.9,26.71,2.28,8.07,5.38,3.31
Iman Shumpert,15.8,7.77,15.28,0,0,41.45,3.37,0,4.92,0
Andrew Nicholson,7.35,0,0,18.64,32.28,22.31,0,4.99,2.62,4.99
Kris Humphries,13.87,0,0,19.71,0,27.27,0,7.18,0,9.23
Donatas Motiejunas,9.49,0,0,18.25,21.9,21.17,0,13.14,0,6.2
Leandro Barbosa,27.33,5.78,14.44,0,0,19.33,5.33,3.56,15.56,0
Trey Lyles,9.65,4.08,0,15.77,2.23,43.23,0,10.76,2.04,5.75
Amir Johnson,10.76,3.13,0,15.63,10.94,9.38,0,19.27,0,17.36
Alexis Ajinca,4.28,0,0,27.46,9.57,15.11,0,17.13,4.53,10.83
Spencer Hawes,4.83,3.05,0,18.07,13.74,28.5,0,12.72,0,7.38
Ty Lawson,20.48,7.88,36.14,0,0,15.66,3.69,0,0,0
Mario Hezonja,15.93,4.26,20.37,0,0,25.56,7.41,3.15,13.89,2.59
Tony Snell,16.75,7.14,17.0,0,0,33.5,9.85,3.94,2.96,2.71
Charlie Villanueva,12.2,0,0,10.84,6.23,37.67,3.52,4.07,15.18,4.88
Steven Adams,7.01,0,0,24.71,7.35,0,0,29.38,0,19.53
Maurice Harkless,16.73,3.65,6.15,2.12,4.42,28.08,3.46,12.5,4.62,12.88
Josh Richardson,12.84,4.78,24.48,0,0,40.3,3.88,2.99,0,0
Willie Cauley-Stein,18.24,2.93,0,14.19,5.63,4.5,0,28.6,0,18.92
Dante Cunningham,18.86,0,3.85,4.46,0,43.61,2.84,11.56,2.23,4.46
Tim Hardaway Jr.,26.86,0,8.41,0,0,35.6,7.44,0,11.97,0
Jason Terry,19.68,3.43,13.96,0,0,44.16,5.49,0,4.35,0
Markel Brown,17.18,3.1,23.63,0,0,28.88,3.82,4.53,8.83,3.34
Raul Neto,13.98,5.56,27.78,0,0,33.15,10.22,2.15,0,0
Clint Capela,12.84,0,0,18.53,4.4,0,0,29.17,0,23.49
Jerian Grant,15.69,9.64,34.97,0,0,19.28,4.91,3.78,4.73,0
Seth Curry,17.44,4.63,27.76,0,0,27.05,4.63,0,11.03,0
John Henson,6.16,0,0,21.92,14.04,3.45,0,29.56,0,14.29
Tristan Thompson,7.28,0,0,20.98,5.75,2.54,0,28.26,0,23.52
Mike Scott,15.88,0,0,18.79,8.05,28.19,0,15.21,0,5.59
Metta World Peace,8.68,11.42,10.05,0,17.35,28.31,9.13,0,0,5.48
Boris Diaw,6.09,4.52,0,11.39,38.51,20.04,0,8.06,0,3.73
Roy Hibbert,3.25,0,0,17.0,29.29,12.12,0,11.75,0,12.48
Channing Frye,9.39,0,0,17.13,5.38,35.87,0,5.38,9.87,5.38
Thabo Sefolosha,25.88,0,9.11,0,0,29.19,3.93,13.66,3.31,4.35
Festus Ezeli,5.56,0,0,16.05,21.3,0,0,30.25,0,15.74
Trevor Booker,12.86,1.92,0,16.12,3.26,16.89,0,18.23,0,19.39
Anthony Morrow,16.02,4.97,4.42,0,0,46.13,6.35,3.04,11.6,0
Tyler Zeller,10.44,0,0,34.46,6.27,9.66,0,16.71,2.87,10.7
Shaun Livingston,15.12,6.85,12.7,0,19.15,9.07,4.03,17.74,0,3.63
Cameron Payne,13.21,3.3,45.65,0,0,24.92,3.3,0,0,0
Ronnie Price,17.31,9.56,20.16,0,0,32.56,8.01,0,2.84,0
Brandon Bass,12.12,6.53,0,27.27,11.42,4.9,0,17.72,0,12.35
Norman Powell,23.78,0,19.58,0,0,37.76,0,3.5,5.59,0
Larry Nance Jr.,11.45,3.91,0,11.45,0,21.51,0,19.83,3.63,15.08
Rondae Hollis-Jefferson,22.22,5.82,11.11,0,0,23.81,0,8.47,0,9.52
Tyson Chandler,4.97,0,0,18.01,8.28,4.14,0,26.71,0,21.53
Timofey Mozgov,7.22,0,0,16.77,18.05,9.98,0,32.27,0,8.7
Aron Baynes,5.3,0,0,22.35,17.61,4.55,0,18.37,0,18.37
Lavoy Allen,8.47,0,0,17.16,8.47,13.56,0,22.03,0,19.07
Anthony Tolliver,14.25,0,0,10.82,0,55.15,0,3.17,8.18,0
Joakim Noah,6.9,0,0,9.85,4.93,7.88,0,14.29,0,29.56
Chris McCullough,13.24,0,0,21.32,0,30.88,0,9.56,0,9.56
Sasha Vujacic,14.79,0,10.65,0,0,34.91,11.83,0,16.27,0
Beno Udrih,10.89,0,42.11,0,0,21.05,13.37,0,0,0
Jonathon Simmons,19.39,8.18,15.76,0,0,28.18,6.36,7.88,4.85,0
Richaun Holmes,8.39,0,0,21.33,4.2,14.34,0,26.22,0,13.64
Troy Daniels,9.77,0,8.37,0,0,37.21,10.23,0,24.19,0
Marcelo Huertas,13.75,3.13,48.44,0,0,11.88,5.94,3.44,0,0
JaKarr Sampson,21.92,4.35,5.69,0,0,33.56,8.22,17.81,0,6.85
Justin Holiday,27.78,5.73,16.67,0,0,41.11,9.38,0,5.73,0
Tyus Jones,17.33,7.92,40.59,0,0,18.32,0,0,0,0
Anthony Brown,18.79,0,6.71,0,0,42.28,7.38,0,9.4,0
Jarell Martin,10.43,7.36,0,14.72,9.2,14.72,0,16.56,0,17.18
Tiago Splitter,4.98,0,0,15.92,13.43,0,0,38.31,0,14.93
Dwight Powell,6.47,0,0,23.38,0,14.43,0,26.87,9.45,9.2
Amar'e Stoudemire,4.04,0,0,27.27,19.19,3.7,0,19.53,3.7,14.14
Kevin Seraphin,5.81,5.43,0,13.57,43.41,6.98,0,10.85,0,4.65
James Johnson,15.43,17.28,6.48,0,5.56,30.56,0,6.48,4.01,5.25
Richard Jefferson,16.41,4.1,6.41,0,0,47.69,7.95,5.38,4.87,0
Kyle O'Quinn,6.39,6.39,0,19.72,18.33,14.72,0,14.17,0,10.0
CJ Watson,21.91,5.62,25.84,0,0,21.91,0,0,0,0
Steve Blake,8.48,3.03,41.52,0,0,23.64,6.36,0,3.64,0
Ryan Kelly,13.99,6.74,0,10.88,9.33,31.61,0,5.18,0,7.77
Thomas Robinson,9.18,6.7,0,26.3,4.96,5.96,0,11.91,0,24.57
Ed Davis,3.11,0,0,24.9,4.36,0,0,26.97,0,28.42
Tyler Ennis,14.98,6.88,40.08,0,0,19.84,4.86,0,0,0
Andrew Bogut,4.97,0,0,9.69,6.54,0,0,36.65,0,18.85
JaVale McGee,0,0,0,22.67,7.56,5.81,0,29.07,0,19.77
Andre Roberson,26.65,0,0,0,0,33.83,0,17.96,0,12.28
Nemanja Bjelica,9.45,10.1,0,12.38,4.56,32.57,0,7.82,0,8.79
Kendall Marshall,8.38,11.38,29.34,0,5.99,28.14,0,0,0,0
Miles Plumlee,5.65,0,0,20.27,12.29,0,0,30.9,0,17.28
Kyle Anderson,15.64,13.59,9.74,0,9.74,27.95,4.87,4.1,0,3.59
Rashad Vaughn,19.6,0,7.31,0,0,46.51,4.65,0,13.29,0
Cole Aldrich,4.27,0,0,43.29,6.4,0,0,21.04,0,14.02
John Jenkins,21.24,0,26.55,0,0,16.81,0,0,11.5,0
Jonas Jerebko,14.25,0,0,11.83,4.84,36.56,0,11.83,0,6.99
Shabazz Napier,14.72,7.17,40.38,0,0,25.66,4.91,0,0,0
Quincy Acy,13.33,0,0,14.07,0,26.67,0,18.15,0,12.96
Brandon Rush,25.4,0,3.86,0,0,42.44,0,6.75,7.72,3.22
Joe Ingles,10.77,4.42,15.47,0,0,44.75,14.64,0,3.04,0
Noah Vonleh,7.74,2.87,0,18.34,7.16,24.93,0,11.75,0,16.05
Josh McRoberts,0,12.76,0,18.37,0,34.18,0,7.14,0,0
Solomon Hill,21.15,6.54,5.0,5.0,0,28.85,0,10.38,5.0,6.92
James Anderson,26.5,0,16.67,0,0,32.91,7.69,0,4.27,0
Bismack Biyombo,3.43,0,0,19.27,3.64,0,0,34.05,0,22.7
Alonzo Gee,31.07,0,2.96,0,0,32.84,0,12.72,0,8.58
Darrun Hilliard,13.17,0,29.94,0,0,27.54,5.99,8.98,0,0
Drew Gooden,9.09,0,0,26.45,0,26.45,0,0,0,14.05
Willie Reed,0,0,0,25.29,8.62,0,0,31.03,0,22.41
Glenn Robinson,26.34,0,9.14,0,0,25.81,5.38,12.9,10.22,0
Kelly Oubre,21.51,0,9.43,0,0,31.32,6.79,11.32,4.91,6.42
Axel Toupane,17.07,0,0,0,0,58.54,0,14.63,0,0
Kyle Singler,18.45,0,0,0,0,40.22,5.54,12.55,0,8.86
Jeff Withey,5.99,0,0,17.97,0,7.83,0,37.33,0,17.05
Johnny O'Bryant,6.25,0,0,13.28,7.03,26.95,0,20.31,0,13.67
Justin Anderson,17.62,5.29,14.1,0,0,32.16,6.61,4.41,7.49,4.41
Kevin Garnett,9.29,0,0,20.0,18.57,25.71,0,9.29,0,0
Dewayne Dedmon,8.26,0,0,27.27,6.2,0,0,24.38,0,18.59
Robert Sacre,0,0,0,23.58,17.92,10.38,0,14.15,0,16.98
Tayshaun Prince,13.53,0,7.89,3.76,7.89,43.61,0,8.65,0,0
Omer Asik,0,0,0,21.29,0,0,0,34.84,0,23.55
Kirk Hinrich,20.53,0,27.81,0,0,25.17,8.61,0,0,0
Luc Mbah a Moute,18.42,0,0,7.52,0,29.7,0,24.81,0,8.27
Chris Johnson,15.02,0,7.11,0,0,47.43,11.46,5.14,0,0
Tarik Black,0,0,0,28.86,10.07,0,0,16.78,0,20.13
Reggie Bullock,16.07,0,0,0,0,46.43,9.82,0,0,0
Andre Miller,0,0,37.88,0,0,15.15,0,12.22,0,0
Kostas Papanikolaou,11.83,0,13.98,0,0,37.63,10.75,0,0,0
Sonny Weems,14.39,0,21.97,0,0,25.0,11.36,9.85,0,0
Pablo Prigioni,12.56,8.04,44.22,0,0,18.59,0,0,0,0
Cristiano Felicio,0,0,0,33.33,0,14.71,0,16.67,0,15.69
Salah Mejri,0,0,0,23.39,0,0,0,38.71,0,11.29
Lamar Patterson,11.4,0,11.4,0,0,42.98,0,9.65,0,0
Kendrick Perkins,0,0,0,24.22,17.97,0,0,18.75,0,0
Nick Collison,0,0,0,25.58,0,0,0,24.42,0,20.93
Sergey Karasev,13.08,0,20.56,0,0,30.84,0,10.28,0,0
