,index,team_id,opponent_team_id,playerName,AerialLossPerD90m,AerialLossPerDefense,AerialLossTotal,AerialWonPerD90m,AerialWonPerDefense,AerialWonTotal,AttackTimes,ClearPerD90m,ClearPerDefense,ClearTotal,DefendTimes,DispossessedInD3rdPerA90m,DispossessedInD3rdPerAttack,DispossessedInD3rdTotal,DispossessedPerA90m,DispossessedPerAttack,DispossessedTotal,DribblePerA90m,DribblePerAttack,DribbleTotal,ForwardPassMeterPerA90m,ForwardPassMeterPerAttack,ForwardPassMeterTotal,ForwardPassPerA90m,ForwardPassPerAttack,ForwardPassTotal,FoulPerD90m,FoulPerDefense,FoulTotal,FouledPerA90m,FouledPerAttack,FouledTotal,GoalPerA90m,GoalPerAttack,GoalTotal,InterceptionsPerD90m,InterceptionsPerDefense,InterceptionsTotal,KeyPassPerA90m,KeyPassPerAttack,KeyPassTotal,PassCrossAccuratePerA90m,PassCrossAccuratePerAttack,PassCrossAccurateTotal,PassLeadingKpPerA90m,PassLeadingKpPerAttack,PassLeadingKpTotal,PassPerA90m,PassPerAttack,PassTotal,Rounds,SavePerD90m,SavePerDefense,SaveTotal,ShotPerA90m,ShotPerAttack,ShotTotal,SuccessPassPerA90m,SuccessPassPerAttack,SuccessPassTotal,SuccessfulPassToA3rdPerA90m,SuccessfulPassToA3rdPerAttack,SuccessfulPassToA3rdTotal,TacklesPerD90m,TacklesPerDefense,TacklesTotal,TurnoverPerA90m,TurnoverPerAttack,TurnoverTotal,UnSuccessPassPerA90m,UnSuccessPassPerAttack,UnSuccessPassTotal,minutes
0,0,260,974,James Milner,0.3003422488950117,0.271493332634354,0.1038961038961039,0.2809842622380662,0.26080623741592773,0.12371134020618557,0.1755997222476974,0.2150814085765047,0.20130002454648685,0.12698412698412698,0.13894104971525326,0.1485752086301648,0.19847881202462875,0.09090909090909091,0.3001247553407633,0.2845740545466711,0.1346153846153846,0.11449623447995115,0.12475811041548093,0.05714285714285714,0.2691127675444621,0.22708096979422257,0.08391043779442137,0.6957440765731487,0.5535060212679325,0.17372262773722627,0.5861298619210176,0.6315295088367113,0.2926829268292683,0.509627469554602,0.48669982710272075,0.2127659574468085,0.38792319696044497,0.5217647926811273,0.2857142857142857,0.480275965373503,0.4673377742957614,0.16666666666666666,0.49623447995114983,0.5583591559687177,0.29411764705882354,0.4809657267218837,0.6035345796301973,0.4117647058823529,0.44661103195603497,0.4724577473581458,0.28205128205128205,0.7956114065809518,0.6201429428349202,0.2006704980842912,0.16041461006910168,,,,0.13526759555662465,0.1323192080164192,0.06060606060606061,0.6330716349568091,0.5318006558595226,0.18072916666666666,0.8790324497219015,0.7791201915531453,0.29245283018867924,0.5019078113931945,0.5344789769071172,0.15384615384615385,0.500098809450815,0.6051849305199296,0.27450980392156865,0.36620044366099774,0.49836562199886775,0.21722846441947566,0.1598240469208211
1,1,551,1841,Mark Noble,0.036737629541201355,0.044329790966872104,0.06493506493506493,0.062361260218741686,0.06487131582499239,0.061855670103092786,0.41775518492800695,0.06934320347458862,0.07982914102143492,0.12698412698412698,0.5682007080190864,0.42391632596171713,0.4936838101339312,0.45454545454545453,0.451814039664873,0.3636932366329787,0.36538461538461536,0.2613454748188071,0.24825243023877686,0.22857142857142856,0.13920112219807973,0.10987599176907366,0.06830831983383447,0.6337791583010343,0.40437250395335156,0.3554744525547445,0.33338810452537854,0.4042379246681002,0.4146341463414634,0.5920670518024821,0.4839730846442169,0.46808510638297873,0.11068264882611663,0.1297805182412097,0.14285714285714285,0.07240289621344409,0.08987070339760767,0.08333333333333333,0.15102521216626405,0.14814162323521496,0.1568627450980392,0.058812702814747035,0.06433689631223215,0.08823529411764706,0.18534912402223316,0.1709326421944788,0.20512820512820512,0.5609943267628728,0.3628616797936153,0.3438697318007663,0.5358670615333991,,,,0.19297345317137185,0.16456127004464374,0.15151515151515152,0.5011437348913834,0.35610516986940033,0.3203125,0.5570272691152928,0.42952235755802987,0.3632075471698113,0.22256503602906097,0.27377483461319185,0.21153846153846154,0.3473253337996718,0.3567612586535419,0.35294117647058826,0.3356206881110827,0.34465715380795797,0.4307116104868914,0.5566959921798631
2,2,210,790,Mousa Dembélé,0.2395659058977121,0.20077851279475573,0.03896103896103896,0.19694166343671612,0.173241969631434,0.05154639175257732,0.04257995204842317,0.17343440964631351,0.1522571349319937,0.047619047619047616,0.0,0.5064876491812377,0.6328350548534035,0.18181818181818182,0.17182722319114827,0.15398955542442894,0.038461538461538464,0.5854704412989178,0.5966730517189234,0.17142857142857143,0.048796434754059564,0.0463402069410688,0.013114857576836565,0.20304641685688665,0.18657078743667768,0.00145985401459854,0.9486250203276814,0.9759603494337511,0.2682926829268293,0.17476769095006253,0.16290869802290128,0.02127659574468085,0.0,0.0,0.0,0.5000142245887493,0.45703117008157274,0.08333333333333333,0.0,0.0,0.0,0.0,0.0,0.0,0.0,0.0,0.0,0.3213221704499858,0.272778108996633,0.02586206896551724,0.02188219809147746,,,,0.0,0.0,0.0,0.38136479763532827,0.3271591276357608,0.046875,0.16235503830038048,0.15756683578244526,0.02358490566037736,0.6660788169412073,0.6693652058396568,0.09615384615384616,0.3873458654522408,0.43322152359786675,0.11764705882352941,0.0658678757388692,0.049256687031412436,0.0,0.0
3,3,2379,1288,Andrew Surman,0.10163636252422721,0.11092531366378543,0.07792207792207792,0.2531041468687017,0.2637248389984695,0.18556701030927836,0.31213070080050304,0.314976870413137,0.3343636561421111,0.3333333333333333,0.3668616284438973,0.0,0.0,0.0,0.038174750116390495,0.04195769115089076,0.038461538461538464,0.12058823529411766,0.12615423967259237,0.08571428571428572,0.15896596486662726,0.13303351639599503,0.0662144776020466,0.4938641565445789,0.3880142023074369,0.2291970802919708,0.11210038023205283,0.12840073413220585,0.12195121951219512,0.13097493554832346,0.1298054741479505,0.0851063829787234,0.0,0.0,0.0,0.07465139673640388,0.09259167766061666,0.05,0.16259837268240623,0.17565569150170757,0.13725490196078433,0.024121736606730598,0.029061359410508924,0.029411764705882353,0.1425375344943172,0.14477117431459416,0.1282051282051282,0.5119325895521177,0.4066991343182124,0.24856321839080459,0.34007897334649556,,,,0.21369716717855977,0.20069992675185158,0.13636363636363635,0.5308278829865275,0.43634737952429953,0.25625,0.4509910923770251,0.39784581749474424,0.24056603773584906,0.0,0.0,0.0,0.28433152966196085,0.325944916885261,0.23529411764705882,0.192763319825015,0.23073134210240778,0.23220973782771537,0.37732160312805474
4,4,2196,606,Dan Gosling,0.573837858124637,0.5717940975530151,0.3116883116883117,0.30892947276648464,0.3112315321302592,0.20618556701030927,0.2693804289438861,0.41978178571776437,0.42687491106962766,0.3968253968253968,0.31569955364014196,0.230101188412193,0.2842241751908947,0.18181818181818182,0.3231459856824075,0.27954403955497875,0.19230769230769232,0.265983671153422,0.267982793751415,0.17142857142857143,0.1336978036687576,0.11030680119082609,0.050808620503390585,0.4497302637878185,0.3341835143683467,0.18686131386861313,0.4627791501124027,0.5447892275236039,0.36585365853658536,0.6791924664279292,0.5907872504814896,0.3829787234042553,0.0,0.0,0.0,0.17539816479459788,0.19299395035739333,0.1,0.10247034223329024,0.10661031871808417,0.0784313725490196,0.026602877310565733,0.030866756064854322,0.029411764705882353,0.0943192922829149,0.09225892965988054,0.07692307692307693,0.33242906981640097,0.2720498963823112,0.1724137931034483,0.30783152352747617,,,,0.20949144058559946,0.18948278346059644,0.12121212121212122,0.26966288271634153,0.25302011935196916,0.15572916666666667,0.35242194666643095,0.30257023365701546,0.17452830188679244,0.15035963176051395,0.1741599461624664,0.07692307692307693,0.20501777921467176,0.22208221223935234,0.1568627450980392,0.427247960640784,0.5082216482071005,0.34831460674157305,0.3181818181818182
5,5,3006,1338,David Silva,0.15319631355058522,0.08941677031053134,0.07792207792207792,0.1800745574198006,0.12974834617745348,0.10309278350515463,0.6257549753036277,0.09409595247576466,0.060594134965094124,0.07936507936507936,0.2418346929352011,0.0,0.0,0.0,0.25955299168420903,0.3717877560225695,0.3076923076923077,0.5250593985472813,0.8192691029900333,0.6285714285714286,0.10191067114969789,0.11486094568229166,0.06181607997674213,0.36561963958025395,0.615432797837423,0.38905109489051093,0.5122612833865193,0.40426008299250676,0.34146341463414637,0.29101227364855936,0.43043161101141897,0.3404255319148936,0.485167334193198,0.93446088794926,0.8571428571428571,0.3174776626145664,0.22311473424511463,0.15,0.6206299640214513,1.0,0.8823529411764706,0.22915567902330505,0.41177427223938856,0.47058823529411764,0.6601245980955438,1.0,1.0,0.5797527508980506,0.8489576945395989,0.5138888888888888,0.4113195129976966,,,,0.5357250119825642,0.750432442821449,0.5757575757575758,0.5506965962838157,0.7931986995768517,0.48854166666666665,0.39248187950754293,0.5738774595355811,0.3867924528301887,0.3167627960685079,0.22234897049660363,0.1346153846153846,0.17871510251887573,0.33450420707762657,0.27450980392156865,0.1609781667869586,0.48314661823486066,0.4232209737827715,0.5146627565982405
6,6,3542,2043,João Moutinho,0.3417697313030362,0.34362048860085365,0.36363636363636365,0.12110867990510983,0.1224140407319105,0.14432989690721648,0.5776985863455918,0.224106303980893,0.23187308813198837,0.4126984126984127,0.7237186393720183,0.06605165049949326,0.07985104832834129,0.09090909090909091,0.18166584547628087,0.1558218092200378,0.21153846153846154,0.20360503836687424,0.20076835008268668,0.22857142857142856,0.13928223205852736,0.11281472717641206,0.08483853440767357,0.5070513101868525,0.3550268729513731,0.4248175182481752,0.5639860854118277,0.6696616549518357,0.8048780487804879,0.33685131358707493,0.2912769166713229,0.3617021276595745,0.08622894647941703,0.1049569605224102,0.14285714285714285,0.3496967233815468,0.3778911646085454,0.4,0.6029993726171515,0.614006134362323,0.803921568627451,0.45818901671659723,0.5203096102472772,0.8823529411764706,0.6317454624425812,0.6047902824394366,0.8974358974358975,0.6065391206051639,0.4169858958656395,0.4875478927203065,0.7125699243172096,,,,0.19544045127692158,0.17301060471140614,0.19696969696969696,0.4812984388899983,0.3675088983390909,0.42135416666666664,0.5496670775051851,0.4442214171183379,0.4716981132075472,0.511926805102366,0.6078073933530517,0.5576923076923077,0.14496263634229023,0.14971156973746935,0.21568627450980393,0.2764648512600875,0.29907456449544984,0.5168539325842697,0.7419354838709677
7,7,4008,1947,Fernandinho,0.9625112786037171,0.703201806790268,0.6883116883116883,0.6977276423875945,0.5307759372275502,0.6185567010309279,0.9561492001519776,0.7989805987122774,0.5990885965233363,1.0,0.4862090195474837,0.04337607853390696,0.08078624078624078,0.09090909090909091,0.11324049073573407,0.17463688282588075,0.23076923076923078,0.2674146086377791,0.4062393822393822,0.45714285714285713,0.2079853607393509,0.23349449481789125,0.19728749854552666,0.6360240714620299,0.8442056187172091,0.7897810218978102,0.8322385958245175,0.7243978766956943,0.8536585365853658,0.23843678848926564,0.35007436157606814,0.425531914893617,0.056626496478175796,0.10618618618618617,0.14285714285714285,0.7123074224603363,0.5535417394341601,0.5666666666666667,0.18350724568784516,0.28787187187187185,0.37254901960784315,0.0,0.0,0.0,0.2015067602170357,0.29719565719565716,0.4358974358974359,0.5965404979019764,0.8318141766153654,0.7849616858237548,0.7018756169792695,,,,0.2665639903107519,0.3635380835380836,0.4090909090909091,0.60552773441166,0.8155924258164712,0.7661458333333333,0.7707047254000238,1.0,0.9764150943396226,0.8872372999821352,0.7570406300659935,0.6730769230769231,0.16348643292096438,0.29804431715712904,0.37254901960784315,0.21515273993905676,0.564454062508822,0.7378277153558053,0.8528836754643206
8,8,1104,410,Steven Defour,0.18195931134073534,0.22955550788665302,0.03896103896103896,0.0,0.0,0.0,0.0,0.17014733906707602,0.21474132349076105,0.06349206349206349,0.044435893489302734,0.0,0.0,0.0,0.04236857703902666,0.03128174459933676,0.0,0.12598996595592188,0.10974632843791722,0.02857142857142857,0.11181896170920075,0.08572642399893449,0.0213989506595405,0.548541694962039,0.297911099470482,0.01167883211678832,0.0,0.0,0.0,0.14015113432496437,0.10620443955903751,0.0,0.0,0.0,0.0,0.336372042774135,0.4386904625890755,0.06666666666666667,0.1456130920384638,0.13097957770854965,0.0392156862745098,0.0,0.0,0.0,0.1787069765926601,0.15113028197140346,0.05128205128205128,0.6660333131726889,0.35597239228263167,0.028735632183908046,0.0,,,,0.0,0.0,0.0,0.5579064766528865,0.33532489565401186,0.0375,0.5557146176203039,0.3843755106412862,0.0660377358490566,0.16323376053498284,0.2493801660533443,0.0,0.029806226573042383,0.012318586157061525,0.0,0.5252081612472981,0.4924632944021313,0.07865168539325842,0.0
9,9,1190,1122,Kevin McDonald,0.008531661362878185,0.010394421802421203,0.0,0.416137273620087,0.40891261127330697,0.15463917525773196,0.08780641188570226,0.32560797202438657,0.32340694314974355,0.15873015873015872,0.0855010004617516,0.0,0.0,0.0,0.06678992798955871,0.061692327451284716,0.019230769230769232,0.0,0.0,0.0,0.1170373546302142,0.09686968109451051,0.029295405588299038,0.5820596707183094,0.40646636843818174,0.08248175182481751,0.34871346278434256,0.39444567595095864,0.14634146341463414,0.19358566437355493,0.17343231619666974,0.0425531914893617,0.0,0.0,0.0,0.17483435710648093,0.18577368920088058,0.03333333333333333,0.18196745782952678,0.18676044172990314,0.0784313725490196,0.0,0.0,0.0,0.16749277368399623,0.1616196130354931,0.07692307692307693,0.5876153546859046,0.41217878661763996,0.09147509578544061,0.08506087528792367,,,,0.18600808804570568,0.16596840139316543,0.06060606060606061,0.576871119288595,0.4294324367946645,0.10416666666666667,0.3454056906587499,0.2916881352357346,0.08018867924528301,0.24613020567438385,0.2774404564461177,0.038461538461538464,0.1005221107399647,0.10203057985985674,0.0392156862745098,0.28341839717630907,0.3135290999667933,0.10112359550561797,0.07624633431085044
10,10,2754,1400,James McArthur,0.25355212956900297,0.2701263825661289,0.22077922077922077,0.2704014351792971,0.28485016357361564,0.25773195876288657,0.3784113092352641,0.19512364426827467,0.21302407946733082,0.2857142857142857,0.5380483299984608,0.45570608065925805,0.5202641405936833,0.45454545454545453,0.6261795112232682,0.49182536739705046,0.46153846153846156,0.3511799225870895,0.3270231740874581,0.2857142857142857,0.08211107533595897,0.06854745376642449,0.03521205921611046,0.23778272262882622,0.1623163535753073,0.1897810218978102,0.5827905663222548,0.7258626077729062,0.6585365853658537,0.2542375806739712,0.20705944581304275,0.19148936170212766,0.0,0.0,0.0,0.21820864198683826,0.25240423527683775,0.2,0.2638198693136886,0.25369124055594233,0.2549019607843137,0.021074368258785777,0.02260028205723263,0.029411764705882353,0.2739667873642151,0.24768671415225138,0.28205128205128205,0.2864375181191321,0.1985437321333002,0.22796934865900384,0.4976966107272129,,,,0.3319114481057295,0.2774742083166312,0.24242424242424243,0.26035346513427227,0.20958141331225227,0.21145833333333333,0.28988834851059037,0.2267895532648921,0.19811320754716982,0.3816515548178801,0.4775629831332053,0.3269230769230769,0.6251397393511795,0.6377617292475165,0.5686274509803921,0.28791048558446397,0.2731347965888231,0.35580524344569286,0.5087976539589443
11,11,192,586,Marouane Fellaini,0.7081933943417028,0.6989142600497108,0.16883116883116883,1.0,1.0,0.31958762886597936,0.08536952847616172,1.0,1.0,0.42857142857142855,0.045020778820994325,0.20645717841384761,0.29458846016007645,0.09090909090909091,0.4386489794275267,0.4418037988151534,0.1346153846153846,0.0,0.0,0.0,0.11391433335643779,0.10485062733992496,0.028395407543572886,0.4871786750486743,0.4635427064113449,0.06642335766423357,0.5558027116183978,0.6516474674394714,0.1951219512195122,0.2639683323985129,0.28128000320149155,0.06382978723404255,0.0,0.0,0.0,0.09752191974213228,0.10966219971791075,0.0,0.045970509484481635,0.05524894145130676,0.0196078431372549,0.0,0.0,0.0,0.056418352549136554,0.06374877859766165,0.02564102564102564,0.4027834985346251,0.41920963417735163,0.06417624521072797,0.039157617637380716,,,,0.1879651818558935,0.19639230677338432,0.06060606060606061,0.4011506596144622,0.42319533083821315,0.07604166666666666,0.2883756750807265,0.3080295693952779,0.0660377358490566,0.666846434353506,0.7830358572057557,0.1346153846153846,0.0,0.0,0.0,0.21449131724990028,0.3352211936265276,0.0749063670411985,0.05083088954056696
12,12,4600,2290,Jack Cork,0.6186621181996836,0.6267231995002652,0.8051948051948052,0.21452656376868662,0.21942692377004872,0.32989690721649484,0.6679942877356633,0.4031982784453598,0.4171577824713902,0.9206349206349206,0.993012159458212,0.11745349810130654,0.12524123920771965,0.18181818181818182,0.2959166723836126,0.21598351270604196,0.36538461538461536,0.5204495719894447,0.4526576217079011,0.6571428571428571,0.07235179880498796,0.059923415758943444,0.041301131857811424,0.2037901545820039,0.11182312330623805,0.33065693430656934,0.20475359653734526,0.23794508071514112,0.43902439024390244,0.5219418077836571,0.3871306894432622,0.6170212765957447,0.07666645212503488,0.08230912476722531,0.14285714285714285,0.14157564259999814,0.16098102939253858,0.25,0.1307631245843256,0.11744258224705151,0.19607843137254902,0.013579247552987657,0.013601203266007732,0.029411764705882353,0.11233741157471608,0.09485747027646471,0.1794871794871795,0.20215779809423198,0.1182283358561031,0.3649425287356322,0.9667653833497861,,,,0.16040010063952917,0.12524123920771965,0.18181818181818182,0.19711014281725206,0.1461123770204494,0.3328125,0.28042810320577327,0.1986054590554507,0.32075471698113206,0.09896605993254623,0.11696867205460958,0.21153846153846154,0.3120312071673708,0.2867172470112048,0.47058823529411764,0.2503336450395744,0.18627328787811948,0.5617977528089888,0.9418377321603129
13,13,3798,1206,Dale Stephens,0.12990108025476993,0.14188241122537879,0.15584415584415584,0.18542362378214616,0.19502194317198965,0.20618556701030927,0.38918076172258825,0.2228006076760645,0.24154946497548732,0.38095238095238093,0.6616438356164387,0.0,0.0,0.0,0.1315686504239894,0.08734398279345487,0.11538461538461539,0.13764651185553142,0.11194779401333523,0.11428571428571428,0.10377893191408359,0.07741293655905973,0.04697467504818248,0.4192766459781502,0.19161371837582186,0.2583941605839416,0.6094413186724053,0.7581886996416611,0.8048780487804879,0.18918111527325465,0.12949913743725666,0.14893617021276595,0.11658958736062514,0.11704733531943066,0.14285714285714285,0.3293107613882082,0.37392888273180996,0.35,0.13919951713281295,0.11690610173231819,0.13725490196078433,0.02065047781640631,0.01934153235046979,0.029411764705882353,0.14643066087997206,0.11562141929569933,0.15384615384615385,0.41353744111061785,0.18758367705282236,0.27490421455938696,0.617143797301744,,,,0.10163605368783143,0.07420781800126389,0.07575757575757576,0.3806003240281417,0.20984221180702142,0.25885416666666666,0.46073711616756197,0.2923008910145211,0.29245283018867924,0.5369560755963863,0.6698927144661423,0.5384615384615384,0.324413234752433,0.2750592989696284,0.3137254901960784,0.34578364710755205,0.24645607233669345,0.41198501872659177,0.5869990224828935
14,14,483,1886,Mohamed Diamé,0.3751313481868347,0.3893123071837973,0.42857142857142855,0.2719466810814664,0.2824996315079786,0.35051546391752575,0.4921980426323579,0.22157201414249514,0.23680700878640595,0.4444444444444444,0.7993381560720336,0.6740765442232708,0.6829028138894445,0.8181818181818182,0.6615351916934382,0.45640277809271007,0.5961538461538461,0.4040262671865382,0.3338635979015062,0.4,0.08356164556739742,0.0655849137032718,0.04153036711579542,0.06513159672071717,0.01922515337397602,0.181021897810219,0.4645194665729725,0.5669893687117256,0.7317073170731707,0.3183199201728129,0.22276160207178264,0.2978723404255319,0.0,0.0,0.0,0.2582547637576789,0.29128326362333085,0.3333333333333333,0.03335385457281619,0.02846129256689419,0.0392156862745098,0.01731834756665456,0.016480726922426026,0.029411764705882353,0.020467138033319027,0.016419976480900496,0.02564102564102564,0.024732523273037092,0.008027225950723228,0.19875478927203066,0.7609410990457387,,,,0.2727558780914004,0.20234157448576132,0.24242424242424243,0.00976869780847447,0.03334995844249327,0.16875,0.10227678268525192,0.06974833569452865,0.1320754716981132,0.5174499283767225,0.6357468395158354,0.6153846153846154,0.48610026617452934,0.42995982739235833,0.5490196078431373,0.2705893291890593,0.1777842499064592,0.43820224719101125,0.7316715542521994
15,15,420,1085,Moussa Sissoko,0.17886733251899986,0.14412257296045392,0.1038961038961039,0.17575513061638587,0.15170351576658211,0.1134020618556701,0.3862460204121738,0.13184070235991627,0.11296450844151215,0.12698412698412698,0.2984300446359861,0.26940063479565973,0.37783452502553627,0.2727272727272727,0.32064699431813526,0.3204415131676024,0.25,0.6920256870801864,0.7916532905296951,0.5714285714285714,0.052973144547408965,0.05139997297834685,0.020540238066857768,0.2465265642772594,0.2800748473327692,0.19708029197080293,0.2401380628962476,0.22201179847398703,0.1951219512195122,0.16124142710273234,0.17608782864947312,0.1276595744680851,0.0,0.0,0.0,0.1253031802867491,0.10920858728370884,0.06666666666666667,0.23994291759958664,0.2834456928838951,0.23529411764705882,0.020764290946118074,0.027355229040622302,0.029411764705882353,0.19631693258147997,0.21803514837222707,0.20512820512820512,0.4351201103817704,0.4274796224776867,0.2796934865900383,0.37446528463310297,,,,0.16351393769399336,0.16792645556690505,0.12121212121212122,0.44781372212157367,0.4436989338549139,0.28020833333333334,0.319344588656078,0.32837129571895723,0.2169811320754717,0.3025832983479687,0.2825412497280328,0.15384615384615385,0.3931075108371645,0.5017971593073474,0.37254901960784315,0.10246150376275998,0.15906586328675265,0.21348314606741572,0.38514173998044965
16,16,1477,613,Beram Kayal,0.5811286031611265,0.6952554912631709,0.22077922077922077,0.25646669170983094,0.3041617399703566,0.12371134020618557,0.03800752027460791,0.38357082402106535,0.4670020646240474,0.25396825396825395,0.17169462828998003,0.25952855009599646,0.23147322476181537,0.09090909090909091,0.48802181029988195,0.29121640104937885,0.11538461538461539,1.0,0.7274872778228484,0.2857142857142857,0.09413509275713342,0.06760265121381762,0.02114494855344503,0.2294036005398204,0.05170467741163766,0.0021897810218978104,0.48286458916692243,0.6874220884697231,0.2682926829268293,0.5206885452117147,0.31459058938879786,0.10638297872340426,0.3388086942093911,0.3042505592841163,0.14285714285714285,0.4313117502595664,0.5577713338662453,0.16666666666666666,0.17336272488089308,0.1302357597659611,0.058823529411764705,0.06001017399723221,0.05027600174734919,0.029411764705882353,0.21276334417200515,0.1502720304991859,0.07692307692307693,0.11101698128297177,0.0,0.0,0.10743665679499835,,,,0.17721228497734223,0.11573661238090768,0.045454545454545456,0.011529387212136569,0.0,0.0,0.06592421702571606,0.028543648644360983,0.0047169811320754715,0.3039615729528375,0.4480826008019676,0.09615384615384616,0.5265926110842729,0.4035186029302648,0.1568627450980392,0.49189481749854114,0.31255868829917877,0.11610486891385768,0.093841642228739
17,17,546,1901,Georginio Wijnaldum,0.30349315941326666,0.2241821533898946,0.24675324675324675,0.17987259302963082,0.1431132058839086,0.16494845360824742,0.6954550814259697,0.14174903402109967,0.10880092451994255,0.20634920634920634,0.5099430506387569,0.22724301102048433,0.3267361168618228,0.36363636363636365,0.3864236014496066,0.39417276993264255,0.4807692307692308,0.372129693045265,0.43642609895114903,0.4857142857142857,0.08104519125918819,0.07650393506218023,0.049444666542943404,0.33710259184212116,0.3609306291975,0.41751824817518246,0.26941351380428546,0.22486307660249888,0.3170731707317073,0.3165747208190537,0.33607551387650847,0.40425531914893614,0.14833032397318557,0.21473249529361757,0.2857142857142857,0.16781440918970134,0.12999590136994527,0.15,0.17709565614428324,0.21447339122689818,0.27450980392156865,0.026272432504921138,0.03548355452163068,0.058823529411764705,0.21734466890434762,0.2474692975694979,0.358974358974359,0.4515018389095092,0.4587558162791529,0.5047892720306514,0.6918394208621257,,,,0.2586115812253662,0.2722800973848524,0.30303030303030304,0.5252437533310148,0.5157143299968526,0.525,0.5292331291593697,0.5294801158259552,0.5377358490566038,0.2760958249430535,0.2233799273241377,0.23076923076923078,0.4406826504971698,0.5785100873090684,0.6666666666666666,0.0,0.020228789242102616,0.26591760299625467,0.695503421309873
18,18,594,2243,Etienne Capoue,0.3956571836024577,0.3706537702837839,0.45454545454545453,0.4506274983731525,0.4300777822394741,0.5876288659793815,0.6105834108506819,0.5192918300934607,0.49664334268839866,0.9841269841269841,0.8110974295828846,0.31590814666066525,0.344524078963913,0.45454545454545453,0.2091648294934034,0.15714177688768433,0.25,0.4138610947616245,0.3681485872357242,0.4857142857142857,0.11695321996303336,0.09024053641945504,0.07184141365543635,0.41211195928304556,0.23621229447884587,0.4021897810218978,0.5434888919085479,0.6033216326921951,0.8536585365853658,0.6291726841507779,0.47788859609275125,0.6808510638297872,0.08248219829426766,0.09056913067978074,0.14285714285714285,0.8372893227591391,0.8385742837142364,1.0,0.08440951424713496,0.07753701142359509,0.11764705882352941,0.0,0.0,0.0,0.08632791229820622,0.07455481867653375,0.1282051282051282,0.44407282033356255,0.2554931648403804,0.4410919540229885,0.8593287265547878,,,,0.18694833597198307,0.14929376755102897,0.19696969696969696,0.4230527683787892,0.2757889474332158,0.41510416666666666,0.4419711139624539,0.31654033642609697,0.41509433962264153,0.5276539380200979,0.5830287914671534,0.6346153846153846,0.12081997540166448,0.10453361566903503,0.19607843137254902,0.30760806354546644,0.2648418577722402,0.5805243445692884,0.8079178885630498
19,19,3008,1143,Aron Gunnarsson,0.29788743043340193,0.30027783000980696,0.24675324675324675,0.3323578939285069,0.3361257932009246,0.30927835051546393,0.34086234229040846,0.37458627543299605,0.3832555857092788,0.5079365079365079,0.5204709866092044,0.09816697598106452,0.10231940583378284,0.09090909090909091,0.03265240626796804,0.02264506936288295,0.038461538461538464,0.22695069797466316,0.19294516528656194,0.17142857142857143,0.13594971803276315,0.09986541208914189,0.0588530480635987,0.3752473936485896,0.19196692896173403,0.2124087591240876,0.3122187506348523,0.3645658602205662,0.36585365853658536,0.3759138206857937,0.27213229638564124,0.2553191489361702,0.1281547827178425,0.13448957857903543,0.14285714285714285,0.42970053753664017,0.4626488940483511,0.36666666666666664,0.13114930471502725,0.11513768446675796,0.11764705882352941,0.045397836247509434,0.044447565214338375,0.058823529411764705,0.08047798243876673,0.06642558719236036,0.07692307692307693,0.20363864012681654,0.10804663217621203,0.1810344827586207,0.5097071405067456,,,,0.22343584314051515,0.17053234305630474,0.15151515151515152,0.0,0.03658796275854405,0.109375,0.29561393420721965,0.2017732540830326,0.18396226415094338,0.14654689136266758,0.17086509141934245,0.1346153846153846,0.33738097937294675,0.3028688605549921,0.29411764705882354,0.3323612043724971,0.2617295381436507,0.35580524344569286,0.4804496578690127
20,20,704,2229,Nemanja Matic,0.2945503965707407,0.27639155268997173,0.3116883116883117,0.3725195499262796,0.3560194261272501,0.4329896907216495,0.6821177302920328,0.4294983738022692,0.4121017025295349,0.7301587301587301,0.7008311528397725,0.4618036883560558,0.6192867905575087,0.7272727272727273,0.514419123603491,0.4822627399263411,0.6153846153846154,0.26690918293107274,0.29194948697711126,0.34285714285714286,0.15454778170782482,0.13391135402723225,0.10786320797813909,0.7470002242334963,0.5915045274438705,0.6284671532846715,0.312504675305992,0.33940311633415843,0.4634146341463415,0.22840041410139061,0.2283048725829636,0.2978723404255319,0.07535929311781017,0.10174953959484344,0.14285714285714285,0.32789031825742704,0.33135804766664806,0.36666666666666664,0.15424034416221172,0.17421731123388579,0.23529411764705882,0.02669544418192125,0.033627284317892046,0.058823529411764705,0.1419712258765812,0.15076498087547813,0.23076923076923078,0.7225355869390305,0.5770546758953327,0.6283524904214559,0.7416913458374466,,,,0.13138773941291892,0.12901808136614767,0.15151515151515152,0.70708302994727,0.5833961362906938,0.6130208333333333,0.59868669467793,0.5455450571369773,0.5849056603773585,0.3101684956612774,0.3380285920294201,0.34615384615384615,0.26301266277875784,0.31774205628015667,0.4117647058823529,0.2710786987556113,0.36920714316019465,0.599250936329588,0.7942326490713587
21,21,184,682,Jonjo Shelvey,0.33068592413295017,0.29197161924687737,0.11688311688311688,0.18380527424900395,0.16735159503552924,0.08247422680412371,0.1173765508928688,0.15873235582550876,0.14570603477927077,0.09523809523809523,0.14549792211790066,0.18139008995576755,0.1910369136615408,0.09090909090909091,0.05307830580863433,0.03800566056257934,0.019230769230769232,0.41935291486506643,0.3602410371903342,0.17142857142857143,0.36505577557649405,0.24804300781674068,0.09510441439084165,0.7699635385441695,0.40673552382020756,0.13722627737226278,0.3758230661654797,0.387840047081654,0.1951219512195122,0.16358429021019963,0.12106882394454502,0.0425531914893617,0.0,0.0,0.0,0.13089653486280983,0.12471997381932864,0.03333333333333333,0.6866126600732235,0.6090801495999622,0.3333333333333333,0.46136642543381756,0.45642555144046404,0.3235294117647059,0.5452512300581481,0.45474309811761876,0.28205128205128205,0.6891046880376795,0.35761331199337626,0.1307471264367816,0.1748930569266206,,,,0.5367157485093971,0.41391331293333855,0.19696969696969696,0.3387833587814047,0.21425100770575597,0.08541666666666667,0.9460341261088407,0.636744769608228,0.25,0.38750141413915373,0.3980399738990815,0.11538461538461539,0.21809670386397015,0.1921258024460883,0.09803921568627451,1.0,1.0,0.41198501872659177,0.1300097751710655
22,22,207,1106,Ki Sung-yueng,0.18182288036211175,0.21183229987678334,0.09090909090909091,0.14363289075859956,0.1601199321436556,0.08247422680412371,0.12179176438219766,0.25442985815471386,0.2934837585695441,0.20634920634920634,0.24315838079113433,0.3568041841822268,0.3655635029462995,0.18181818181818182,0.158029387239577,0.10938447510839025,0.057692307692307696,0.13748166976244014,0.11489138664026557,0.05714285714285714,0.10904605777752482,0.08189923393289884,0.029988340020059748,0.43492216956153923,0.21393594895887444,0.08321167883211679,0.1237393826482103,0.1598519431028627,0.0975609756097561,0.5099935012101334,0.36149361206754194,0.1702127659574468,0.0,0.0,0.0,0.4155919131367805,0.5013882364633953,0.2,0.5164075993091535,0.4456402590931739,0.2549019607843137,0.41251494619370244,0.3970021010379754,0.29411764705882354,0.2925105982100799,0.2373232149016902,0.15384615384615385,0.5206918114225755,0.25536733533640754,0.10775862068965517,0.19233300427772293,,,,0.0812114694703413,0.060927250491049925,0.030303030303030304,0.4350452453370233,0.24985499012146173,0.1046875,0.4779697490898201,0.3143338253702083,0.1320754716981132,0.11496836674589474,0.16252234545938796,0.038461538461538464,0.16954272831783657,0.13971676300082686,0.0784313725490196,0.19236930045153325,0.10110504778413353,0.09363295880149813,0.18621700879765396
23,23,2754,1183,Cheikhou Kouyaté,1.0,1.0,0.7402597402597403,0.5727015712045902,0.5805554101254273,0.5257731958762887,0.3703407706316245,0.17924108200924008,0.1874683822377811,0.25396825396825395,0.5107434200400185,0.555390702274975,0.6237379592352927,0.5454545454545454,0.38760893318491063,0.30000726489687896,0.28846153846153844,0.285333130436988,0.2613759067271703,0.22857142857142856,0.07851926348099576,0.06552305058815398,0.03302842077813577,0.21164070303037733,0.13957169690424512,0.17664233576642335,0.5593421831635885,0.6662447203382793,0.6097560975609756,0.2896580647750567,0.23031709710189488,0.2127659574468085,0.0,0.0,0.0,0.14683450410192278,0.16442787763869135,0.13333333333333333,0.1648870966378384,0.15597289847231882,0.1568627450980392,0.021403613505873255,0.022579321906936095,0.029411764705882353,0.10118071839140086,0.08998436450326086,0.10256410256410256,0.13677850143631595,0.10891942394154328,0.1772030651340996,0.4983547219480092,,,,0.2528226801223834,0.20791265307843093,0.18181818181818182,0.12828964734068984,0.12946245083876196,0.16302083333333334,0.30639955319173034,0.23308963495924093,0.2028301886792453,0.35088169749655523,0.4167965114896151,0.28846153846153844,0.31521483771981923,0.30877740935041137,0.29411764705882354,0.2297143338833235,0.19400884882887373,0.30337078651685395,0.489247311827957
24,24,3196,1105,Harry Arter,0.09510833406517469,0.09524452568081988,0.1038961038961039,0.054246888811000066,0.05371638314392603,0.05154639175257732,0.369724999017386,0.17158454885273838,0.174652920647496,0.25396825396825395,0.5357703555487148,0.0,0.0,0.0,0.0,0.0,0.019230769230769232,0.07141841450408813,0.061669271647389806,0.05714285714285714,0.0742711208053886,0.06098102118776804,0.03087580918311289,0.04820784334035862,0.025726548610279783,0.12189781021897811,0.28094402162283344,0.31773046856346715,0.34146341463414637,0.19910030747283228,0.14793156597325355,0.14893617021276595,0.0,0.0,0.0,0.17912872681886005,0.19223997260757675,0.16666666666666666,0.14444839435952114,0.12880136153659127,0.13725490196078433,0.06428747221495172,0.06392863154351118,0.08823529411764706,0.10130147136901482,0.08492397463951074,0.10256410256410256,0.0,0.01235443761531742,0.13505747126436782,0.5406383678841724,,,,0.37968661271185244,0.2943306146807241,0.2727272727272727,0.021435270180176682,0.0522179878177161,0.12708333333333333,0.22287102052763128,0.15802446451171742,0.16037735849056603,0.5528231296897678,0.6402258967884805,0.46153846153846156,0.26981315627720953,0.2434088113053844,0.2549019607843137,0.14382361567663274,0.06471583657145927,0.23595505617977527,0.5083088954056696
25,25,312,1315,Jordan Henderson,0.18375275508298108,0.11973336455962051,0.07792207792207792,0.12207646337378715,0.09202769295885362,0.061855670103092786,0.3345867124346562,0.11241740819223227,0.07899143435779195,0.07936507936507936,0.19062644297368,0.0,0.0,0.0,0.004052103142353557,0.017160885203436293,0.019230769230769232,0.03831880108991826,0.044021957424019285,0.02857142857142857,0.22657858180647766,0.20093842117649777,0.10048178463954253,0.7621612222892015,0.6484128388835133,0.3284671532846715,0.32483722430063594,0.2579966385664942,0.1951219512195122,0.15395491464786631,0.16996917968910513,0.10638297872340426,0.0,0.0,0.0,0.2941968686257417,0.2186506181540588,0.11666666666666667,0.11071752951861938,0.1313478426880489,0.09803921568627451,0.045990358415426515,0.06084637012472064,0.058823529411764705,0.08152836264552882,0.09093312186095692,0.07692307692307693,0.8799740907216523,0.730620496762687,0.3702107279693487,0.31539980256663375,,,,0.09054083064982246,0.09337990968731363,0.06060606060606061,0.8530819499894968,0.72606583717208,0.3723958333333333,0.6325738974150538,0.6082944995132563,0.33962264150943394,0.8740401717750559,0.7370321421930585,0.34615384615384615,0.09650749654484407,0.12313774095651707,0.09803921568627451,0.2579506012600224,0.3892467706675911,0.2958801498127341,0.28983382209188663
26,26,300,834,Christian Eriksen,0.1921452853422937,0.15607280077333816,0.07792207792207792,0.0629651856066215,0.05451159236885462,0.030927835051546393,0.2675200125774625,0.0,0.0,0.0,0.1785593350777284,0.0,0.0,0.0,0.2902758753333134,0.2992047677713364,0.17307692307692307,0.22264969443652838,0.2607592259701808,0.14285714285714285,0.1398154610950671,0.12802741796981398,0.05308141703052672,0.47637232313278904,0.46069308678362325,0.1927007299270073,0.15642423814927586,0.13601202551431024,0.0975609756097561,0.19088404628956543,0.2108981047070139,0.10638297872340426,0.3017426089526403,0.4362200838884776,0.2857142857142857,0.07388733154032612,0.06327507883450323,0.016666666666666666,0.48892266447125377,0.5912986265317871,0.37254901960784315,0.24050244426419976,0.32437510675852643,0.2647058823529412,0.4737169356719086,0.5386323521038547,0.38461538461538464,0.6146464240201344,0.569688123249743,0.24042145593869732,0.2333004277722935,,,,0.6576043516767371,0.6914070385572976,0.3787878787878788,0.5186269168160706,0.5100061783927691,0.22135416666666666,0.6460739335543995,0.6343543222179232,0.29245283018867924,0.2962467471174288,0.2773604503479734,0.09615384615384616,0.43481602148460696,0.5699373347877327,0.3137254901960784,0.31659535517329956,0.49237965668216865,0.27715355805243447,0.24095796676441839
27,27,4212,2134,Luka Milivojevic,0.21182401121499275,0.21561020809145306,0.3246753246753247,0.22661122232337433,0.22980318317464835,0.35051546391752575,0.7588009485503162,0.2886936578207006,0.29785058332579756,0.6825396825396826,1.0,0.2641721796783392,0.308620344413296,0.45454545454545453,0.18163495292155027,0.14920615523388064,0.2692307692307692,0.18322066040330642,0.1745909376966646,0.2571428571428571,0.16379002772204457,0.12767394426982892,0.12501325562838894,0.5831420329679843,0.37688548790550974,0.6,0.5334164972214227,0.6349790480283658,1.0,0.34112066852751854,0.28318667357510563,0.46808510638297873,0.4828191876933174,0.5679148311306901,1.0,0.4966038320470995,0.5349755433904548,0.7333333333333333,0.39998648889918303,0.39358786098874204,0.6666666666666666,0.4031538027253078,0.44241358861402913,0.9705882352941176,0.2454462545517714,0.22706991980119734,0.4358974358974359,0.610380848725898,0.392767922639789,0.6350574712643678,0.9838762750904902,,,,0.5291236603502273,0.4526431718061675,0.6666666666666666,0.4195499300181977,0.3113646865478489,0.5078125,0.5495733699953744,0.4257170955301323,0.5990566037735849,0.6186365338493706,0.7383828292857493,0.8846153846153846,0.11880435300086481,0.11456363790270095,0.23529411764705882,0.5003821763665274,0.5472183673698378,0.9775280898876404,1.0
28,28,261,1035,Pedro Obiang,0.33345180141059977,0.32466221819620056,0.11688311688311688,0.11564806000701418,0.11386079358429592,0.05154639175257732,0.11804472860193643,0.10833812480027896,0.11154167021602023,0.06349206349206349,0.1431737725103894,0.18093148919294058,0.20796087029853266,0.09090909090909091,0.10693000526019637,0.08745378302032471,0.038461538461538464,0.20914634146341463,0.19607739199575933,0.08571428571428572,0.10450085026434039,0.08451006823817851,0.028547182160448045,0.33848400139156726,0.2239123289914392,0.06423357664233577,0.179489107808024,0.19548872180451132,0.0975609756097561,0.2814131629183849,0.23038248928058774,0.0851063829787234,0.0,0.0,0.0,0.04703746463346177,0.054869417045705624,0.0,0.12086059884989088,0.11700680272108842,0.058823529411764705,0.0,0.0,0.0,0.14832891677032062,0.13500784929356355,0.07692307692307693,0.25124456850093485,0.18301668581467312,0.06273946360153257,0.14346824613359657,,,,0.4118144562820351,0.3466014504975544,0.15151515151515152,0.22376594673090988,0.19211855022914817,0.06614583333333333,0.46890823700529694,0.35872474990070446,0.12735849056603774,0.49425003221722846,0.5674137273281672,0.15384615384615385,0.26216199325939304,0.2619490949410639,0.11764705882352941,0.3211687343077543,0.3175208824459495,0.14232209737827714,0.12903225806451613
29,29,384,1213,Ander Herrera,0.19151509423741797,0.17917152800650518,0.1038961038961039,0.05025639324274729,0.04793046618309313,0.030927835051546393,0.2814862368493456,0.2904974954293861,0.27942361646665265,0.25396825396825395,0.2752193319993844,0.11179434557539737,0.14590420968553086,0.09090909090909091,0.11176947089826078,0.10905606858727353,0.07692307692307693,0.3446074677612032,0.3668448700664776,0.22857142857142856,0.13662718445431282,0.11694686392227018,0.053205825332439095,0.49637950784886126,0.4022083307797591,0.20802919708029197,0.3634238881667327,0.3967618084045605,0.2682926829268293,0.32858969157973833,0.31111730169276414,0.19148936170212766,0.29189001541744514,0.38355570018440177,0.2857142857142857,1.0,1.0,0.5333333333333333,0.27381791078302237,0.3010015547600969,0.21568627450980393,0.02584994262636924,0.03169040526671506,0.029411764705882353,0.2443994575584001,0.2525887172812002,0.20512820512820512,0.6457075742276768,0.5038118399738686,0.2595785440613027,0.2943402435011517,,,,0.3307886659036841,0.31612578765198357,0.19696969696969696,0.6583106888328208,0.52987501374149,0.26979166666666665,0.41654992892033643,0.37832374046630524,0.20754716981132076,0.5852235511607674,0.6474893756858512,0.28846153846153844,0.22541773824533878,0.26269717546423194,0.17647058823529413,0.20406928069784208,0.25735518684333036,0.21722846441947566,0.3074291300097752
30,30,2110,857,Pascal Groß,0.3724555607361278,0.32720061131246936,0.14285714285714285,0.08563285931763469,0.07756204453957093,0.041237113402061855,0.14123442556369295,0.1926177885251513,0.1752380691081186,0.12698412698412698,0.17106356780052337,0.1663362501139367,0.17707884532529083,0.09090909090909091,0.44215057991737433,0.32198761468066384,0.17307692307692307,0.1922750888706591,0.16696005416384563,0.08571428571428572,0.15075759967551,0.11090405664420848,0.043049668860443396,0.47037452255700246,0.25404461773766135,0.10291970802919707,0.16094647288292085,0.15178044521777218,0.0975609756097561,0.14387722138274198,0.10844887202796073,0.0425531914893617,0.21714823929754207,0.23275408109531331,0.14285714285714285,0.11644874484758437,0.11000561999559667,0.03333333333333333,1.0,0.8966824644549765,0.5294117647058824,1.0,1.0,0.7647058823529411,1.0,0.8430347956414307,0.5641025641025641,0.5023094515600662,0.27031764797847574,0.11925287356321838,0.20533070088845015,,,,0.567891797383184,0.4426971133132271,0.22727272727272727,0.21893122765715642,0.1568410498358527,0.07708333333333334,0.6689672942914973,0.4588404380886238,0.19811320754716982,0.20906333527931542,0.20387329036849533,0.057692307692307696,0.6893942877903116,0.6526137620849505,0.3333333333333333,0.5566304575216773,0.5244159423972028,0.26591760299625467,0.1598240469208211
31,31,4642,1735,Davy Pröpper,0.1486133469859955,0.1493513010245499,0.2077922077922078,0.21188040912667194,0.2117592497165825,0.27835051546391754,0.5814063175547317,0.18137091432990013,0.18637223276758835,0.38095238095238093,0.8186393720178549,0.13143016618952438,0.14324716816729596,0.18181818181818182,0.3180693828136113,0.23815781905561706,0.34615384615384615,0.5570608041196278,0.49522592423550893,0.6285714285714286,0.09662616521118163,0.07666364034917435,0.05512340344686032,0.26818121821732344,0.1568618154305774,0.31532846715328466,0.3529967164798224,0.40801059767786174,0.5853658536585366,0.18420946043500297,0.14261778686262655,0.2127659574468085,0.0,0.0,0.0,0.4688508654483652,0.49716516444802533,0.5833333333333334,0.16095596487753344,0.14776002839900604,0.21568627450980393,0.030390287074779036,0.031113295650036864,0.058823529411764705,0.16162107217041582,0.13949373310395674,0.23076923076923078,0.25533187425037784,0.15669362821397567,0.3390804597701149,0.8186903586706153,,,,0.19444458084872926,0.1551844321812373,0.19696969696969696,0.23251102828849066,0.17380910764202454,0.3067708333333333,0.4399900162581776,0.3149202081301228,0.39622641509433965,0.3125274693808868,0.3633700305777971,0.40384615384615385,0.45274910599454254,0.4344416453751613,0.5882352941176471,0.2940325055601658,0.24903763438522153,0.5393258426966292,0.7927663734115347
32,32,2171,1172,Ilkay Gündogan,0.2851320944561041,0.1950186578138001,0.1038961038961039,0.134904444772223,0.10179013308959585,0.061855670103092786,0.4325599067171509,0.15433095677124067,0.11052650906605635,0.09523809523809523,0.15313221486840123,0.0,0.0,0.0,0.16698106699782722,0.24501039600285884,0.15384615384615385,0.12733034542079777,0.19476749925955178,0.11428571428571428,0.03277527417914493,0.03402345991434104,0.010101844084469026,0.22866765961973562,0.46755659285651585,0.21605839416058395,0.3178525358940605,0.2519958517156917,0.17073170731707318,0.25057942216306694,0.36857451062962776,0.2127659574468085,0.43140628065251196,0.8145588574061275,0.5714285714285714,0.4579575487947206,0.34797234259953697,0.16666666666666666,0.27592919552718553,0.43584427551255467,0.29411764705882354,0.2865418568936157,0.5047578544468662,0.4411764705882353,0.27091230106305486,0.40231779278081975,0.3076923076923077,0.48560652030823714,0.7405600392101501,0.32950191570881227,0.26488976637051664,,,,0.37607502431623036,0.5164289753094177,0.30303030303030304,0.4752556637149409,0.7033773841026316,0.32083333333333336,0.4218265489499066,0.5952247121425466,0.2971698113207547,0.2760958249430532,0.20383786872881773,0.07692307692307693,0.27584157458233793,0.49276476502756017,0.29411764705882354,0.10115026302491575,0.3488579072337715,0.2397003745318352,0.3357771260997067
33,33,3680,1777,Ashley Westwood,0.09855787513004377,0.09729865807213156,0.14285714285714285,0.11060584838678086,0.10871368838632756,0.13402061855670103,0.5126757241867228,0.2386858254879001,0.2386013418676546,0.4444444444444444,0.7392488841003544,0.14513948263177773,0.15273842151716452,0.18181818181818182,0.1616458535510157,0.11604379952409141,0.17307692307692307,0.13981070924383118,0.12000875976348639,0.14285714285714285,0.14339969300203606,0.10529068684347054,0.08076721580280763,0.46466806012198897,0.24435714525165814,0.35985401459854016,0.22361538384633495,0.2470359192471252,0.36585365853658536,0.2586306127310263,0.19001378817589462,0.2553191489361702,0.0,0.0,0.0,0.37397426474333567,0.39027334281534304,0.43333333333333335,0.4686006667594562,0.4153598667650788,0.5686274509803921,0.35238272951274746,0.34833536417593647,0.6176470588235294,0.3767901912971803,0.313998838270683,0.48717948717948717,0.3944028019124014,0.20867198329292522,0.3524904214559387,0.7546890424481737,,,,0.19820940199521714,0.15273842151716452,0.18181818181818182,0.2631877288429826,0.17494431427026486,0.284375,0.41577088388647054,0.2844254208001715,0.33962264150943394,0.21640876001187728,0.24297593887738547,0.2692307692307692,0.3258299583687857,0.29534360826987366,0.39215686274509803,0.5015919539276698,0.4534319595341031,0.6853932584269663,0.7067448680351907
34,34,651,1892,Idrissa Gueye,0.2837695800734944,0.2343656181095217,0.2857142857142857,0.19600569327920403,0.16991302868564867,0.21649484536082475,0.660198881129875,0.22461705055273984,0.19354817533953086,0.38095238095238093,0.6558565491765436,0.41506100433772525,0.5172289806436148,0.6363636363636364,0.2638369923283672,0.23185316322080324,0.3269230769230769,0.2970107062206557,0.30189283360015073,0.37142857142857144,0.09976710222833075,0.08513412890911565,0.06244189288142674,0.4655407690839917,0.3499526353399685,0.46277372262773725,0.6140137339859698,0.6122896433488499,0.8048780487804879,0.4694842360767793,0.41598987617883826,0.5531914893617021,0.0,0.0,0.0,0.7794375844318607,0.7022662128661293,0.7833333333333333,0.10562171353684359,0.1108620815937889,0.1568627450980392,0.027421021783603623,0.03209776380508088,0.058823529411764705,0.081016655269738,0.07994861653398239,0.1282051282051282,0.42380180215703644,0.3321821270731851,0.4664750957854406,0.7871010200723922,,,,0.12146295210483801,0.11083478156648888,0.13636363636363635,0.40917076791022206,0.34258808194453805,0.4395833333333333,0.5119569868568272,0.43148097173036537,0.5,1.0,1.0,0.9615384615384616,0.2275571242389317,0.25025891901342984,0.35294117647058826,0.2709192264552806,0.313772491074735,0.5805243445692884,0.7561094819159335
35,35,3154,2013,Jonathan Hogg,0.3198588176652674,0.2622684105625412,0.2857142857142857,0.20508589669549987,0.1763216886103372,0.20618556701030927,0.49508037784794345,0.07926121048023543,0.06743741541756491,0.14285714285714285,0.5786824688317689,0.22368232890704798,0.2415318565435283,0.2727272727272727,0.23451717890968507,0.17390416818628962,0.23076923076923078,0.2298345250255364,0.20242669881743325,0.22857142857142856,0.13464891528668038,0.10136694062876954,0.07344149040551436,0.6882056943167265,0.38079432534592617,0.4401459854014598,0.6593614595656024,0.6532196961402188,0.7804878048780488,0.48737114982513663,0.3669018468087486,0.44680851063829785,0.0,0.0,0.0,0.8643014623906781,0.7720611648974693,0.7833333333333333,0.16601974804221997,0.15099459308473495,0.19607843137254902,0.034481024593384146,0.034973824882246506,0.058823529411764705,0.16300120716872507,0.13937962438590917,0.20512820512820512,0.6651938143422625,0.36356929556844025,0.4434865900383142,0.705001645278052,,,,0.06788250224409574,0.05367374589856185,0.06060606060606061,0.6261784110522762,0.377933921013687,0.42552083333333335,0.5596303583665004,0.3924649754179297,0.419811320754717,0.6072146629890871,0.5908038325452836,0.5384615384615384,0.2624124599501248,0.24231188046084084,0.3137254901960784,0.35700876206164994,0.31362794713531156,0.5243445692883895,0.6143695014662757
36,36,260,1865,Granit Xhaka,0.4114772284163082,0.3384002725959795,0.3246753246753247,0.45889450201885656,0.39338826303214464,0.422680412371134,0.6384896563470328,0.46660817880882266,0.3970973217210411,0.6190476190476191,0.5130983530860399,0.3656087217844262,0.5257341837369197,0.5454545454545454,0.19975475465529044,0.21072819504932866,0.25,0.09391612127687995,0.11015382897344984,0.11428571428571428,0.3237189210625967,0.28981381976414367,0.23144843471095441,0.8254187945392952,0.7146333923775501,0.6299270072992701,0.6537272109990707,0.6452430331776858,0.7073170731707317,0.6639987338426359,0.6811521271247301,0.7446808510638298,0.1590979920751525,0.23034330011074192,0.2857142857142857,0.4555855494357136,0.403656055018812,0.38333333333333336,0.3527670183874271,0.42726423902894495,0.5098039215686274,0.25361652505368276,0.3425685121991552,0.5294117647058824,0.3996381606906517,0.4550743374272786,0.6153846153846154,0.9876455569132127,0.8276787467579467,0.7136015325670498,0.6306350773280684,,,,0.24964635671527627,0.2628670918684599,0.2727272727272727,0.8270793208917029,0.7282450114734912,0.6380208333333334,0.9178697054707027,0.8817989551483191,0.7971698113207547,0.4243049252412008,0.4030540436064631,0.34615384615384615,0.1448470012466262,0.19051712695522213,0.23529411764705882,0.4254427710170828,0.6564897921990216,0.7453183520599251,0.6637341153470185
37,37,322,2231,Nampalys Mendy,0.08882664710838596,0.08130516638562137,0.14285714285714285,0.06439855523726491,0.06076333439795593,0.08247422680412371,0.6276022901463437,0.1512234647462176,0.14542529468046256,0.31746031746031744,0.792935200861937,0.4325446541945314,0.4855423042304231,0.6363636363636364,0.24031576982279046,0.18682257021022675,0.28846153846153844,0.3809498010666218,0.34879773691654875,0.45714285714285713,0.0642158043140835,0.0556936449960174,0.0336542266118742,0.29312663767819147,0.18541557050689753,0.354014598540146,0.27718620012880696,0.29384270262713047,0.4634146341463415,0.6137107637933796,0.4814112338806736,0.6808510638297872,0.0,0.0,0.0,0.30495273259590666,0.3035638095987385,0.38333333333333336,0.05503541296311974,0.05203520352035203,0.0784313725490196,0.014288039903886855,0.015065689261233814,0.029411764705882353,0.03377173068191439,0.030020309723280018,0.05128205128205128,0.3050510090329557,0.19906085268489512,0.38936781609195403,0.8522540309312274,,,,0.014064371814308335,0.011560531053105309,0.015151515151515152,0.36697689509343934,0.2604312757714135,0.39791666666666664,0.32260770164348435,0.24439691370604824,0.33490566037735847,0.18000691116686204,0.18639707313457377,0.25,0.3768283175412424,0.3716891746577774,0.5294117647058824,0.06377001711940387,0.0,0.31086142322097376,0.8069403714565004
38,38,270,1421,Oriol Romeu,0.3672859659653352,0.3509612247785502,0.2727272727272727,0.27514157463420846,0.26689336006892295,0.23711340206185566,0.29297627314056607,0.26095460159396966,0.2564134374232297,0.3333333333333333,0.4669539787594277,0.21773952988903458,0.21194215852689027,0.18181818181818182,0.205100937057967,0.13323683245633816,0.1346153846153846,0.29364335998090935,0.23313637437957926,0.2,0.13513516899690556,0.09504274861738025,0.05372511228081217,0.48799533852769134,0.21298024893344628,0.21386861313868613,0.5746412761189926,0.6510759116721769,0.5853658536585366,0.2111695523181372,0.13996994827275636,0.1276595744680851,0.0,0.0,0.0,0.49249824019797656,0.504239123552331,0.38333333333333336,0.04848267907568705,0.039748942986948185,0.0392156862745098,0.0,0.0,0.0,0.059501469774706835,0.04586416498494022,0.05128205128205128,0.3994686122735576,0.16783768914016264,0.2049808429118774,0.4848634419216848,,,,0.1734573693021373,0.12363292580735265,0.10606060606060606,0.34213555006592206,0.1805276610207525,0.1890625,0.6646609987442175,0.407989177593253,0.32075471698113206,0.5422917049888122,0.6119153509119182,0.40384615384615385,0.2989580719688494,0.24432950893887484,0.23529411764705882,0.4226594124769504,0.308616792684722,0.3707865168539326,0.41886608015640275
39,39,135,1056,Ross Barkley,0.14443884631708293,0.10159642368349724,0.025974025974025976,0.2427209050799155,0.1949389786471008,0.07216494845360824,0.1732807525515217,0.18586276849578298,0.14541571169964745,0.06349206349206349,0.027689702939818404,0.1496535181236673,0.2543185685556645,0.09090909090909091,0.8399358281599208,1.0,0.36538461538461536,0.40364523536165337,0.5595008508224617,0.2,0.0,0.0,0.0,0.2556531405454419,0.41619636140913097,0.08102189781021898,0.7520571973169506,0.6930340321703364,0.24390243902439024,0.5138623331433667,0.6381595474908147,0.2127659574468085,0.3907386146192116,0.6685573832482512,0.2857142857142857,0.3665722761117822,0.2986696896999268,0.06666666666666667,0.3332239899404078,0.4769647696476964,0.19607843137254902,0.0,0.0,0.0,0.40895671492686414,0.5503439649781112,0.2564102564102564,0.6398861006108848,0.7620999292541818,0.16906130268199235,0.07880881869035868,,,,0.6812466140824351,0.8477285618522147,0.30303030303030304,0.6921712562578191,0.7941992066533526,0.19114583333333332,0.34344271531570975,0.44567793035558023,0.12264150943396226,0.41645452241304975,0.3603714589438005,0.057692307692307696,0.4300779375724919,0.679397121380183,0.23529411764705882,0.04499548951599729,0.17828329922290742,0.0599250936329588,0.10215053763440861
40,40,240,1350,Mateo Kovacic,0.1154340751784085,0.07574289038102866,0.05194805194805195,0.10078228207811843,0.07939323123148188,0.05154639175257732,0.3820535328258675,0.24628472206393104,0.18915942812053,0.1746031746031746,0.19433584731414524,0.45256429333134923,0.7250382218040693,0.45454545454545453,0.6214801457141267,0.7011993548565848,0.46153846153846156,0.6277657912357716,0.8203289595268897,0.5142857142857142,0.03473094685968082,0.03597380561780636,0.011113997051641065,0.36253033908031174,0.45992205417580073,0.2343065693430657,0.3211606032211247,0.2705761026426224,0.1951219512195122,0.4889572819346394,0.5711005407971929,0.3617021276595745,0.0,0.0,0.0,0.10491076486217021,0.07619671555587888,0.03333333333333333,0.38292455091800376,0.5167169757079202,0.37254901960784315,0.0,0.0,0.0,0.44521849700035854,0.5648323216240422,0.46153846153846156,0.6326749511861239,0.6919237136936556,0.33860153256704983,0.2974662717999342,,,,0.3708260343183342,0.4350229330824415,0.2727272727272727,0.6997249077046224,0.7402201456920114,0.36354166666666665,0.5148707913646906,0.5873210247042285,0.3160377358490566,0.5046014477166231,0.4326978616868077,0.19230769230769232,0.30709420303835716,0.456954235301837,0.29411764705882354,0.030463152413400765,0.12029751313549567,0.15355805243445692,0.33284457478005863
41,41,608,1885,Paul Pogba,0.45533156655538615,0.40187476355219415,0.36363636363636365,0.3509864229804006,0.31855165737906505,0.32989690721649484,0.5720780326752003,0.2230831514719975,0.20315260374833835,0.31746031746031744,0.5277512698168388,0.7322532693745779,1.0,1.0,1.0,0.9451572037238825,1.0,0.8977419884363546,1.0,1.0,0.14991684392497123,0.13187576296960102,0.09166658926878754,0.5079314235606762,0.44393348985122966,0.4211678832116788,0.6628652579077948,0.698887150223788,0.7317073170731707,0.7975772842591308,0.7702852253498725,0.8085106382978723,0.6083255816781269,0.8364422816977561,1.0,0.0,0.0,0.016666666666666666,0.41502665961418017,0.47739028566279174,0.5490196078431373,0.030784944531821054,0.039490922702601544,0.058823529411764705,0.4002042789136738,0.4327988853536299,0.5641025641025641,0.587891395758493,0.5064210592355497,0.47509578544061304,0.6001974333662389,,,,1.0,1.0,1.0,0.5231175124946909,0.4757608684549546,0.43697916666666664,0.6358365281266327,0.5894511654033124,0.5283018867924528,0.1928289264130675,0.18716237774026215,0.17307692307692307,0.8050128006508932,1.0,1.0,0.36719190216093384,0.5200475299743827,0.6104868913857678,0.6304985337243402
42,42,342,2113,Pierre-Emile Højbjerg,0.23559673224800248,0.23982623062705735,0.24675324675324675,0.2408236804105333,0.24463705040863518,0.26804123711340205,0.5096099676392364,0.17071453275687076,0.17933792110512192,0.30158730158730157,0.6624595967369558,0.3645448370922309,0.4296316944841284,0.45454545454545453,0.6206893434184427,0.5045848513734426,0.5769230769230769,0.4494856069837593,0.4320867327383234,0.45714285714285713,0.10975907330575246,0.08957250494151049,0.059044839995707005,0.6438872625191872,0.4191308276518935,0.4335766423357664,0.46911849562317165,0.5578719068141237,0.6341463414634146,0.7851354334680579,0.6475456648286457,0.723404255319149,0.2855430591901556,0.33882713683403604,0.42857142857142855,0.4826009809958154,0.5211737507676147,0.5,0.2597468320714889,0.25784251096631317,0.3137254901960784,0.0674342737108673,0.07465282896482589,0.11764705882352941,0.2988564403095255,0.27891617772798305,0.38461538461538464,0.7361461365995311,0.47036859562946304,0.48323754789272033,0.6472523856531753,,,,0.647191768258909,0.5585212028293669,0.5909090909090909,0.6660799289174395,0.4585448509418824,0.45364583333333336,0.8228167736760705,0.6333640088246257,0.5990566037735849,0.5363320440295946,0.640966046419436,0.5384615384615384,0.50790133854756,0.5344680340124282,0.5882352941176471,0.3729512937328083,0.3994777368663359,0.5543071161048689,0.6617790811339198
43,43,108,577,James Ward-Prowse,0.42340156845253935,0.41281825650616666,0.11688311688311688,0.08440903748204258,0.08330900598452783,0.030927835051546393,0.04103397225097271,0.42536696717185235,0.42285159195342287,0.20634920634920634,0.08145297829767593,0.0,0.0,0.0,0.09731953952138529,0.06359277583483632,0.019230769230769232,0.0,0.0,0.0,0.0749312571249366,0.05973042449518682,0.017837093068561655,0.28224992029782786,0.12104851050654095,0.010218978102189781,0.4152692272288341,0.475438402871764,0.17073170731707318,0.5110800332880847,0.34959926121629054,0.10638297872340426,1.0,1.0,0.42857142857142855,0.2303336272875881,0.24414020827439495,0.05,0.8528053728837273,0.7134238310708899,0.29411764705882354,0.8856055795331014,0.8262269404803341,0.4411764705882353,0.5581998804329852,0.43903004988977845,0.20512820512820512,0.36036323919199553,0.1601487598814931,0.02921455938697318,0.07963145771635406,,,,0.5230452701069744,0.3803990127519539,0.13636363636363635,0.16989513408038928,0.10559886387611601,0.0203125,0.42253749004561636,0.2668370191365063,0.07075471698113207,0.12573443650892363,0.13870276256585884,0.0,0.5172574072471798,0.44844286138305495,0.1568627450980392,0.3336237687479959,0.2313231525410004,0.0749063670411985,0.04447702834799609
44,44,375,2406,Jorginho,0.17090926571020598,0.13090693980102974,0.18181818181818182,0.06777087588761056,0.056731168596044684,0.07216494845360824,0.9093112528987118,0.19140015191466245,0.15788025593177835,0.31746031746031744,0.6249653686316765,0.13590241662219021,0.22203547525435938,0.2727272727272727,0.20203677496608735,0.24743699660667687,0.34615384615384615,0.19200541164496643,0.25586945243597603,0.3142857142857143,1.0,1.0,1.0,1.0,1.0,1.0,0.368351050926673,0.3411103873510282,0.4878048780487805,0.22264320711223054,0.28292873536040564,0.3829787234042553,0.059139184364152414,0.0972818311874106,0.14285714285714285,0.5259449664472132,0.45388165880941095,0.5166666666666667,0.16138948535587355,0.22209016543780494,0.3137254901960784,0.010474798328386024,0.016075373949259723,0.029411764705882353,0.1733102996151143,0.22422564779778378,0.358974358974359,1.0,1.0,1.0,0.7854557420204015,,,,0.12372988263861703,0.14802365016957297,0.18181818181818182,1.0,1.0,1.0,0.8352653604274127,0.9309535338076201,1.0,0.4149312767060855,0.3806518184215927,0.40384615384615385,0.1505999437098626,0.2340848860056447,0.3333333333333333,0.2469082984707884,0.4985811906668504,0.7528089887640449,0.8998044965786901
45,45,3008,1599,Joe Ralls,0.3868276042402623,0.40467466430110477,0.3246753246753247,0.27647287609894405,0.2892626623685154,0.26804123711340205,0.34674492643494464,0.21484082358127168,0.23179816438094802,0.31746031746031744,0.5507772818223795,0.19399117678324634,0.2032012854582535,0.18181818181818182,0.2347163521551828,0.16764022705789927,0.17307692307692307,0.1494950568725417,0.12772652228804507,0.11428571428571428,0.16354673071573517,0.11786126207005151,0.0726327152832576,0.3887095129561054,0.20164183841215702,0.22043795620437956,0.36560475299062206,0.4475896428075876,0.43902439024390244,0.14833607439946495,0.10910190880341902,0.10638297872340426,0.0,0.0,0.0,0.2327653287046849,0.2660702086894538,0.21666666666666667,0.3671556642216786,0.3239318176095879,0.3333333333333333,0.358848974985894,0.35308267531245097,0.47058823529411764,0.1855412313847521,0.15390425723532455,0.1794871794871795,0.24145447061541883,0.12935623480214423,0.19540229885057472,0.5148075024679171,,,,0.30907754058067644,0.23706816636796246,0.21212121212121213,0.04878802823835497,0.06303589444477048,0.12708333333333333,0.7790445279270118,0.5224772675603349,0.419811320754717,0.20685797270461673,0.2568009015580589,0.19230769230769232,0.2607825654888484,0.23151206661218574,0.23529411764705882,0.5814857479370794,0.5364525655357324,0.5468164794007491,0.49902248289345064
46,46,390,2567,N'Golo Kanté,0.33360991702315557,0.2606140577143247,0.33766233766233766,0.18180181599288905,0.1503959999802371,0.20618556701030927,1.0,0.16666361087394294,0.1352118230058402,0.30158730158730157,0.6788825611820842,0.37545005657854125,0.6180537183753603,0.8181818181818182,0.5061356151531927,0.5918116240126926,0.8461538461538461,0.35362845614877314,0.47482222173599115,0.6285714285714286,0.04812380382197688,0.04949735352728551,0.02704556041631217,0.23304784673673512,0.374211813751224,0.527007299270073,0.4590927496938154,0.4260055512180179,0.6341463414634146,0.0626543188215479,0.10356903330219548,0.1702127659574468,0.1633805392677937,0.2707918517383979,0.42857142857142855,0.5391452925328204,0.4590440875115494,0.5666666666666667,0.2972411769860592,0.41213730195197484,0.6274509803921569,0.04823023905422835,0.07457850772294027,0.14705882352941177,0.30779661650971185,0.40123944060228334,0.6923076923076923,0.35753261821890464,0.5043783132038879,0.6575670498084292,0.8629483382691675,,,,0.18990092953676954,0.2289087845834668,0.30303030303030304,0.3963518986711591,0.5230755294843731,0.6442708333333333,0.26785526681358973,0.3500385647678118,0.4528301886792453,0.34130685451755177,0.3022620675754968,0.36538461538461536,0.35129912787781903,0.5377428609457755,0.7450980392156863,0.09636027166977304,0.2477484722655327,0.5655430711610487,0.9853372434017595
47,47,224,796,Fred,0.2075251437084065,0.16641648369789838,0.03896103896103896,0.07092955112629962,0.06072575657829115,0.020618556701030927,0.07471798970220225,0.1911701280159897,0.16219471104353067,0.06349206349206349,0.022533476989379783,0.6492291728431663,0.8318434811941307,0.2727272727272727,0.8509044821128791,0.7537018519334108,0.25,0.25015713015120083,0.26143652266101247,0.08571428571428572,0.10140388595739336,0.08784998000904096,0.02487908357286665,0.6886025674877172,0.5129459078859063,0.08759124087591241,1.0,1.0,0.3170731707317073,0.3510803071258762,0.3243946448480823,0.0851063829787234,0.28251803537899006,0.3644609358895073,0.14285714285714285,0.5729075796772238,0.5079421601301747,0.11666666666666667,0.2891194782093093,0.31201814058956917,0.11764705882352941,0.200159638760291,0.24090195518766946,0.11764705882352941,0.3548284505296069,0.3600209314495029,0.15384615384615385,0.692374678936013,0.5165183683504148,0.09482758620689655,0.05478775913129319,,,,0.49256574041631873,0.46213526733007254,0.15151515151515152,0.6554636833966606,0.5138134995053245,0.10572916666666667,0.746844519246301,0.6362717453296952,0.16037735849056603,0.4288102694120999,0.40689678838285565,0.057692307692307696,0.6446993026321608,0.7467408968359911,0.23529411764705882,0.21630380638242713,0.2614428774150583,0.06741573033707865,0.03470185728250244
48,48,286,1165,Fabinho,0.36033509385608803,0.2590972746189199,0.14285714285714285,0.37507254002274865,0.29022723661210875,0.18556701030927836,0.3301452958979129,0.25619151534986034,0.19270297931205413,0.1746031746031746,0.1813298445436355,0.0,0.0,0.0,0.15474452891285242,0.17064924987946434,0.11538461538461539,0.23205632408349616,0.2776636171710063,0.17142857142857143,0.15244394880225717,0.14138259638928125,0.06540236656011736,0.535160976641323,0.5211698386824308,0.25474452554744526,0.6934941119322324,0.6097206852286309,0.3902439024390244,0.32033153328027153,0.3477355938165636,0.2127659574468085,0.0,0.0,0.0,0.34166698272611795,0.2648250397030914,0.13333333333333333,0.24584949075474632,0.30376938514869545,0.21568627450980393,0.023209567309014516,0.03198181129215612,0.029411764705882353,0.27429488637926247,0.3186392151909393,0.2564102564102564,0.5185478301980094,0.5225331886115054,0.2638888888888889,0.2897334649555775,,,,0.22846239685710554,0.24540976265114198,0.15151515151515152,0.5164198374035686,0.5249261320398845,0.26458333333333334,0.528728085709338,0.5418419629768432,0.28773584905660377,0.43281887647332973,0.35652767995518886,0.15384615384615385,0.14753053587928414,0.1992874627050344,0.13725490196078433,0.22140425148771492,0.3667406119190397,0.26591760299625467,0.2810361681329423
49,49,594,2199,Abdoulaye Doucouré,0.23684644901521523,0.21871986455017325,0.2857142857142857,0.2196861813018038,0.20748362861571557,0.27835051546391754,0.6106358169455108,0.27173997615274853,0.25871218154503495,0.5238095238095238,0.7823149145759584,0.31588627315215495,0.35088717824670246,0.45454545454545453,0.3414438825430309,0.26124055248031847,0.38461538461538464,0.4868616929202009,0.4411153097958545,0.5714285714285714,0.10207871239668939,0.08117859132058555,0.060928924428579855,0.47929058799399094,0.28421831954237536,0.43503649635036495,0.3335093949541748,0.3580469962915642,0.5365853658536586,0.1535661752774403,0.12283281874641708,0.19148936170212766,0.16495297443886675,0.18448374810872853,0.2857142857142857,0.1891121915884322,0.18965958179846198,0.25,0.35168195718654427,0.3290377558651153,0.49019607843137253,0.014608327452364145,0.01524254427682194,0.029411764705882353,0.3625521267723101,0.31891351722311184,0.5384615384615384,0.5133945392023623,0.3038706515477186,0.4722222222222222,0.8399144455412965,,,,0.4889079473985134,0.3976721353462628,0.5151515151515151,0.46447541986659446,0.30809404904464016,0.4354166666666667,0.454668530091011,0.3332246581309726,0.42452830188679247,0.3286687440289584,0.3529054122999828,0.40384615384615385,0.5426623617854465,0.5351507013740072,0.7254901960784313,0.3894747910828108,0.3719522708320144,0.6741573033707865,0.7927663734115347
50,50,390,1072,Eric Dier,0.5093182185314844,0.4568255416292437,0.2727272727272727,0.37784816971754337,0.34738283627510663,0.24742268041237114,0.32422340718225495,0.4287625793477632,0.394225061390776,0.3968253968253968,0.30589502847468075,0.10163886490851877,0.1321826758147513,0.09090909090909091,0.15739030385784855,0.14908707863660706,0.11538461538461539,0.039162883956668275,0.04154312668463612,0.02857142857142857,0.17018364992833826,0.1433314902576812,0.07280919034378132,0.5183412972163122,0.4140259184083383,0.24525547445255474,0.6086944293635361,0.6494840991111004,0.4634146341463415,0.12570951314850679,0.12761212582414047,0.0851063829787234,0.2653745114966537,0.3474842767295597,0.2857142857142857,0.3544683338989049,0.34136622959489654,0.2,0.11315640461537038,0.1239517819706499,0.09803921568627451,0.023501714804730768,0.028710087082728594,0.029411764705882353,0.13887376930068185,0.14302128688921142,0.1282051282051282,0.563701670420836,0.449720207503217,0.2720306513409962,0.3468246133596578,,,,0.11566906920439471,0.11015222984562609,0.07575757575757576,0.5317480862858247,0.4465513699902692,0.26510416666666664,0.45553561002496673,0.40858283830913567,0.25,0.3666309323509878,0.3807276058248494,0.19230769230769232,0.12489415797696007,0.14228179417660167,0.11764705882352941,0.3227017711481978,0.4154457761366848,0.3333333333333333,0.35043988269794724
51,51,589,2012,André Gomes,0.3231653317049736,0.2653480393357136,0.2597402597402597,0.3721913622041639,0.3202596458563149,0.3402061855670103,0.4775112345565789,0.12973884359829013,0.11069061102046021,0.19047619047619047,0.5076342927505003,0.38330462727635506,0.4431346475228664,0.45454545454545453,0.7701504486912635,0.6123224162318018,0.6730769230769231,0.8861559789115505,0.8356253353288342,0.8571428571428571,0.09850811775940804,0.08056801706287181,0.04985026084936535,0.3657683750390519,0.24300406892894186,0.2956204379562044,0.8050727511580765,0.8042974797263917,0.8536585365853658,0.4530010944009454,0.3690313710139494,0.40425531914893614,0.10007911669362234,0.11649206035448376,0.14285714285714285,0.2933722747702799,0.2596764742576197,0.25,0.06827840674382292,0.06648656958994971,0.0784313725490196,0.03545224965544651,0.03849955144677422,0.058823529411764705,0.0628471698437461,0.05753645445284108,0.07692307692307693,0.4705068389164226,0.3074947827063258,0.3568007662835249,0.6210924646265219,,,,0.24428090690772117,0.2067961688440044,0.21212121212121213,0.4454454614624187,0.32015434110969665,0.3390625,0.4178530347980265,0.3242165348137635,0.32075471698113206,0.35296443875375655,0.3324923167823901,0.28846153846153844,0.4608304872971575,0.47337877232348263,0.5098039215686274,0.28375889350614364,0.2767931089562281,0.43820224719101125,0.5606060606060606
52,52,306,1790,Mario Lemina,0.16668641932259096,0.17370462629605637,0.15584415584415584,0.2828787226864955,0.29038128503918526,0.26804123711340205,0.4146108192382773,0.2817905852474032,0.2949572989449353,0.3968253968253968,0.5336924734492842,0.5968101756680991,0.7139548349739434,0.6363636363636364,0.6842057646963856,0.564725404144403,0.5384615384615384,0.6241753877779854,0.6090471857532822,0.5428571428571428,0.08856890535929207,0.07490984490113482,0.04044848839362682,0.32009681949339697,0.23527379451304156,0.23941605839416058,0.5632053282263033,0.6806701389172792,0.6341463414634146,0.539994344802979,0.4555326198116574,0.425531914893617,0.0,0.0,0.0,0.7013436813696488,0.7619868521124052,0.6,0.11390394318818908,0.11477100394297848,0.11764705882352941,0.07885657605336166,0.08861202491775741,0.11764705882352941,0.1397912030036866,0.1324280814726675,0.15384615384615385,0.3392251294625779,0.2558040572597162,0.26772030651340994,0.5120105297795328,,,,0.4269217591727402,0.37397634212920844,0.3333333333333333,0.3506302571334746,0.2845206394370183,0.2635416666666667,0.41496480984900125,0.33692169505808744,0.2830188679245283,0.5790330521809011,0.7012204431528021,0.4807692307692308,0.4549844577732992,0.4857681166911979,0.45098039215686275,0.17110627117090424,0.1605739053085381,0.2883895131086142,0.5298142717497556
53,53,2210,1071,Calum Chambers,0.41886749343400703,0.4045109833100227,0.2857142857142857,0.43452524076487925,0.4254052809838546,0.35051546391752575,0.2774378660238183,0.4393344595691125,0.4327057007431503,0.5079365079365079,0.4240572571956291,0.6771754592120725,0.6855713094245204,0.5454545454545454,0.41723524771940657,0.2869944077328587,0.25,0.521850454573567,0.4309305373525557,0.34285714285714286,0.16814217402398046,0.11790559496680608,0.06574626287784871,0.5737100680893419,0.27829458401907986,0.22627737226277372,0.31580494678846127,0.35396670239034594,0.3170731707317073,0.0,0.0,0.0,0.14733955923887276,0.15018688413183826,0.14285714285714285,0.9086404340442771,0.9351365251692745,0.65,0.1759127548601233,0.15000566315551023,0.13725490196078433,0.0,0.0,0.0,0.12336738652528127,0.09890483284978697,0.10256410256410256,0.4091503587836852,0.19396285673273778,0.1968390804597701,0.43435340572556763,,,,0.6422104963294896,0.47609118710036147,0.3787878787878788,0.2537826240814758,0.15407802331325757,0.15572916666666667,0.592842017348576,0.3826788568796252,0.2783018867924528,0.4737660293866236,0.5396177895062153,0.3269230769230769,0.45135399320600084,0.3975301108601839,0.3333333333333333,0.6887208626532343,0.617609664515436,0.5243445692883895,0.37976539589442815
54,54,3477,1365,Jefferson Lerma,0.639117625519661,0.5861414466953991,0.5324675324675324,0.5031930119814216,0.4712520931408172,0.5051546391752577,0.5243622833335517,0.5276796087863443,0.4943913431502981,0.7619047619047619,0.5775434816068956,0.14261013968936204,0.17565666458908377,0.18181818181818182,0.22185579928739735,0.19335761155837125,0.23076923076923078,0.3022233076096514,0.3036350916468449,0.3142857142857143,0.11754280925976311,0.09792881363079109,0.06520458079719815,0.44253776849433657,0.32785765250632276,0.3583941605839416,0.6383005830454607,0.6967145653723663,0.7560975609756098,0.6028831000906735,0.5240576792580284,0.574468085106383,0.09308716746442644,0.11544237675481553,0.14285714285714285,0.6385052854423087,0.6269941771181028,0.5833333333333334,0.12701637849630423,0.13177494830775927,0.1568627450980392,0.016487702977885647,0.019076320349581857,0.029411764705882353,0.1558837372454643,0.15204801727818376,0.20512820512820512,0.4383537569151647,0.3326654749418765,0.37787356321839083,0.6286607436656795,,,,0.40574002208270066,0.3659513845605913,0.3787878787878788,0.42285640002238317,0.343958199162516,0.35989583333333336,0.34805502064202465,0.2980322988597846,0.3018867924528302,0.28720382146046314,0.30267868962982236,0.2692307692307692,0.1605531803092573,0.17130737982135835,0.21568627450980393,0.3029280128859529,0.34637826133256094,0.49812734082397003,0.6275659824046921
55,55,4080,2439,Jean Michael Seri,0.16639077653698997,0.15714019359219855,0.22077922077922077,0.09608734564505719,0.0922293817035975,0.12371134020618557,0.5715932762980331,0.06952136742468154,0.07070523310555087,0.1746031746031746,0.7982299522856711,0.3330671655411571,0.35094210736039166,0.45454545454545453,0.42281333932878057,0.30434678138016513,0.4423076923076923,0.3850063880270125,0.33088827265408355,0.42857142857142855,0.12591469911883693,0.09411763165743962,0.07490456636798162,0.7166818763150744,0.3787990609937307,0.5175182481751824,0.4133583866804641,0.45745834415138137,0.6585365853658537,0.296742604357782,0.2180496485846642,0.3191489361702128,0.1739246821196083,0.18451262784387387,0.2857142857142857,0.37672016955237614,0.3820789602667069,0.4666666666666667,0.756451907282351,0.6713420997704028,1.0,0.5236974742723968,0.5183276335436636,1.0,0.7099321375831691,0.5923606762680025,1.0,0.960319022501836,0.4946645607755285,0.6331417624521073,0.8397499177360974,,,,0.21226445878754707,0.16377298343484942,0.21212121212121213,0.8244782514738508,0.46496877467119857,0.5765625,0.6632457682582109,0.44927076406382555,0.5471698113207547,0.33933521522544735,0.37330080413584843,0.4230769230769231,0.39374023863654023,0.3610676563319875,0.5098039215686274,0.34345321889701946,0.28122643911474776,0.5842696629213483,0.7800586510263929
56,56,184,498,Isaac Hayden,0.45688405762918993,0.5327413562410857,0.19480519480519481,0.271764973011157,0.3131457123962085,0.14432989690721648,0.08120324393726976,0.2137247921004982,0.2581008785511084,0.15873015873015872,0.20960443281514574,0.42047811059907847,0.40853178711948646,0.18181818181818182,0.2590193083794709,0.16872874979462982,0.07692307692307693,0.32403225806451647,0.25679140904653436,0.11428571428571428,0.06389032992030015,0.052619000771454524,0.017035887743868848,0.054752637076751015,0.0,0.0,0.22308155580154054,0.3059006202098948,0.14634146341463414,0.2701569285363066,0.17920047292379693,0.06382978723404255,0.0,0.0,0.0,0.5632557498826146,0.6985330073349634,0.25,0.2340629800307221,0.19154644393824344,0.09803921568627451,0.0,0.0,0.0,0.22980728948470897,0.17681210209684015,0.10256410256410256,0.07565781518435785,0.016340791614296676,0.017241379310344827,0.14988483053636065,,,,0.28711248428990394,0.20426589355974323,0.09090909090909091,0.05774214348093887,0.04448095518054707,0.022916666666666665,0.0,0.0,0.0,0.4813184369887902,0.672828382220954,0.19230769230769232,0.6768543617663749,0.5786863884504002,0.2549019607843137,0.2782233205484348,0.16135577376630217,0.09363295880149813,0.13831867057673508
57,57,1464,765,Lewis Cook,0.3224597739156589,0.32630853258410847,0.1038961038961039,0.0990782315167254,0.10060814383923852,0.041237113402061855,0.12318052589516165,0.14707227016825117,0.15539599347344474,0.07936507936507936,0.12020932738186858,0.17748249367827262,0.22969448584202684,0.09090909090909091,0.36930621628117644,0.33564106505700975,0.1346153846153846,0.2735460027232057,0.28875878220140516,0.11428571428571428,0.10527594457082991,0.09145272090606839,0.029105824454015255,0.374949847507279,0.31696320371433195,0.07372262773722628,0.5706939646989336,0.6813800795471285,0.2682926829268293,0.21655467313139495,0.20793901361744616,0.06382978723404255,0.0,0.0,0.0,0.2387561904132803,0.26232809574388904,0.06666666666666667,0.07903780068728518,0.08615664845173043,0.0392156862745098,0.0,0.0,0.0,0.09700093720712273,0.09941151744430435,0.05128205128205128,0.3701662868070889,0.32591496667057346,0.08477011494252873,0.10990457387298454,,,,0.12118928047249383,0.11484724292101342,0.045454545454545456,0.3342495556956641,0.3180372110192265,0.08802083333333334,0.29568420602263423,0.2756881488092443,0.08490566037735849,0.2616113833934645,0.3104797233657564,0.057692307692307696,0.5634409807457572,0.6589989644200531,0.2549019607843137,0.2635222147480175,0.3317702115931431,0.12359550561797752,0.12072336265884653
58,58,2839,1496,Bernardo Silva,0.48232137588845025,0.33435740827657007,0.24675324675324675,0.06582380582832767,0.0488646670251788,0.041237113402061855,0.6435337429743078,0.17402730259567084,0.12262005361671238,0.15873015873015872,0.2838386947822076,0.06054561138667241,0.11156099436766269,0.09090909090909091,0.4154731878201892,0.5530228954401637,0.4807692307692308,0.37326520794280144,0.5609924288202467,0.45714285714285713,0.04382713845033218,0.04647554914526272,0.01852254342907932,0.06434446910644263,0.3012212343981944,0.24671532846715327,0.6039324154876052,0.5011589685834392,0.43902439024390244,0.22335276207968263,0.3265934860084069,0.2765957446808511,0.31616374424224336,0.5865472339719664,0.5714285714285714,0.3134918669834303,0.22910690462009964,0.16666666666666666,0.4988083586315201,0.7741450333139809,0.7254901960784313,0.08399891278410214,0.14538633797155817,0.17647058823529413,0.5459929330966639,0.7966773211859054,0.8461538461538461,0.2520729027338343,0.5153691825024802,0.37452107279693486,0.4499835472194801,,,,0.35829722717796925,0.4834309755932051,0.3939393939393939,0.26354636740566195,0.4957609109884829,0.3546875,0.13564745016755564,0.25064785319844773,0.19811320754716982,0.6461578127376889,0.5232006764666446,0.3269230769230769,0.2933298683391591,0.5124015773349108,0.43137254901960786,0.06921883111350942,0.27440263135203063,0.3258426966292135,0.541544477028348
59,59,2820,1126,Víctor Camarasa,0.16230815858657366,0.18116872518920168,0.14285714285714285,0.12661728437276934,0.1362423098206439,0.1134020618556701,0.27376943938580045,0.17202378202273125,0.19375702457631333,0.23809523809523808,0.4932892104048027,0.6830900243309002,0.6786533345564627,0.5454545454545454,0.7278857372906538,0.49186294213986376,0.4230769230769231,0.6141431156029699,0.49767911200807274,0.4,0.07874322161523273,0.062053111279302284,0.028855753139411498,0.20973080325292257,0.08489871888691607,0.12481751824817518,0.2527173374698211,0.31738016992470097,0.2926829268292683,0.5222835425327945,0.3574079951381812,0.2978723404255319,0.29725289579304176,0.2973427514295324,0.2857142857142857,0.19497659764881578,0.23334949050712434,0.16666666666666666,0.5830473932663712,0.4879022311918376,0.45098039215686275,0.3685483522653651,0.343941628502678,0.4117647058823529,0.40444591904445915,0.3181971072990245,0.3333333333333333,0.2037583464061507,0.08587193772792806,0.14319923371647508,0.4409345179335308,,,,0.3886918029253797,0.2827722227318595,0.22727272727272727,0.07305637565855018,0.05861295237940362,0.1046875,0.22070012415631185,0.14055208649083198,0.12264150943396226,0.054334388172197295,0.07426147179197222,0.057692307692307696,0.7654536485502195,0.6735352990692985,0.5490196078431373,0.35482129682358965,0.25341879960135466,0.30711610486891383,0.4227761485826002
60,60,450,1265,Harry Winks,0.18510104190779156,0.14434870901915928,0.11688311688311688,0.16359414132358666,0.1380533016689756,0.1134020618556701,0.46836637100894796,0.2359808036226434,0.19686977324600324,0.23809523809523808,0.3357549638294599,0.15560316343714692,0.2292247629670943,0.18181818181818182,0.3634932435821588,0.38174740855248546,0.3269230769230769,0.3897145658800711,0.46827344434706397,0.37142857142857144,0.13018452090820326,0.12179012463943031,0.06814737846123382,0.7667885153739765,0.69658735663222,0.4489051094890511,0.12258164831647005,0.09581262748371754,0.12195121951219512,0.15528910070308097,0.1815019360023967,0.14893617021276595,0.1015682178309281,0.15064758009543286,0.14285714285714285,0.35778662003617423,0.3099638073238205,0.21666666666666667,0.03464716875217611,0.042990229493296984,0.0392156862745098,0.0,0.0,0.0,0.04252152528676159,0.04960411095380421,0.05128205128205128,0.7831906850227988,0.7127972701218106,0.4640804597701149,0.43237907206317866,,,,0.1239578105025442,0.13371444506413832,0.10606060606060606,0.8273247644535009,0.7523916218049316,0.48489583333333336,0.5677925255749785,0.580838023679597,0.4056603773584906,0.27295524089170325,0.24317935832360382,0.15384615384615385,0.2567966199195608,0.3472409833013628,0.29411764705882354,0.09054068080061514,0.16953916937465716,0.250936329588015,0.458455522971652
61,61,3652,2228,Philip Billing,0.2748528051050031,0.23764311940641292,0.2987012987012987,0.611931545210199,0.5494443155153298,0.7216494845360825,0.6232263812281367,0.2856688083797518,0.25639074156401037,0.5079365079365079,0.7140372479605974,0.06214350172821845,0.07168083714846304,0.09090909090909091,0.40931114190070594,0.3263295001616205,0.46153846153846156,0.4549505371950078,0.4280369989722507,0.5428571428571428,0.09755217654212364,0.079789179602048,0.05839506693415332,0.40852057622205223,0.2665510695221759,0.40875912408759124,0.5330042046529401,0.5504486782845867,0.7560975609756098,0.5159305018710265,0.4182114114431742,0.574468085106383,0.16225389203884374,0.1884359179323208,0.2857142857142857,0.7410113098712197,0.6940920752744644,0.8,0.23523068453343768,0.22853894662048138,0.3333333333333333,0.12932365688150532,0.14012174875484226,0.2647058823529412,0.15283704904177906,0.13960523888581441,0.23076923076923078,0.436027776751092,0.2869411409582271,0.446360153256705,0.8178677196446199,,,,0.5374854949866443,0.4539786352735993,0.5757575757575758,0.21844848539636744,0.1906932162388466,0.32135416666666666,0.2126250212452489,0.17403360511403757,0.25,0.7138842681088506,0.7372460377902093,0.75,0.655896083732792,0.6774067061232705,0.8823529411764706,0.35581863031498334,0.3616750270945728,0.6479400749063671,0.7712609970674487
62,62,3542,1775,Rúben Neves,0.18311092480627733,0.18985418309686464,0.23376623376623376,0.18673198673500155,0.19139420448332425,0.23711340206185566,0.6062468065035962,0.1529214678550569,0.16319060133776644,0.31746031746031744,0.7844697552716643,0.3177287368329415,0.37996918335901386,0.45454545454545453,0.3057391065561933,0.255137826387011,0.34615384615384615,0.19588056063375997,0.19107021791767556,0.22857142857142856,0.1902243071946666,0.14920737011872273,0.12495188654234701,0.6074088379965145,0.40813071484848296,0.49416058394160584,0.40259366248270645,0.4819599225430256,0.6341463414634146,0.21728384333260156,0.1888259296670241,0.2553191489361702,0.2488726386349787,0.29966101694915254,0.42857142857142855,0.6225618078397996,0.67637919806769,0.7333333333333333,0.2405385798438814,0.2422900188323917,0.3333333333333333,0.08816119894730497,0.09903520208604955,0.17647058823529413,0.2257461003347657,0.21378531073446327,0.3333333333333333,0.5561974633712387,0.3797375529448284,0.48802681992337166,0.759460348798947,,,,0.7810299389824071,0.683944530046225,0.8181818181818182,0.47155216906473213,0.3551297689009324,0.4359375,0.6505205742332238,0.5143392347954676,0.5660377358490566,0.32767809982455537,0.39499404926614823,0.40384615384615385,0.26324879341833346,0.2764212832316396,0.37254901960784315,0.43956653162473674,0.4942635467087339,0.7265917602996255,0.7932551319648093
63,63,208,842,Naby Keita,0.18243519270080039,0.12588248509127536,0.03896103896103896,0.09717714370485607,0.07592284669105422,0.030927835051546393,0.17081766609456686,0.02552634731345389,0.015875308570660458,0.0,0.04398953363090659,0.3016322314049585,0.46223055295220244,0.18181818181818182,0.3957217311518583,0.4324881525539497,0.17307692307692307,0.6392272727272728,0.7989985272459499,0.3142857142857143,0.06259789512168339,0.06200312086779877,0.01932404161387346,0.46930567166097303,0.5081630193844952,0.12335766423357664,0.9771181325446728,0.8824689332080516,0.34146341463414637,0.2716354108200121,0.3140242318112555,0.10638297872340426,0.0,0.0,0.0,0.2774092138953948,0.2156974336630526,0.05,0.13432506887052334,0.1733791523482245,0.0784313725490196,0.0,0.0,0.0,0.12364012021036809,0.15003965107057887,0.07692307692307693,0.6302818920990347,0.6441487081726432,0.16522988505747127,0.1079302402105956,,,,0.514904207362885,0.5777881911902532,0.22727272727272727,0.6587660821636857,0.6663745797330045,0.18229166666666666,0.6667565794670826,0.703989397135394,0.22169811320754718,0.38077937146650215,0.3133584381366315,0.057692307692307696,0.5457097328229211,0.7677641262896323,0.29411764705882354,0.1492636217298966,0.2865103237876298,0.10861423220973783,0.10654936461388075
64,64,234,1793,Lucas Torreira,0.1686937589821095,0.13971995962947206,0.14285714285714285,0.14173694571414167,0.1247694388654343,0.12371134020618557,0.567833138994065,0.2834991671325215,0.2486760357261628,0.36507936507936506,0.47554255810374024,0.4687494266370656,0.6646644334064918,0.6363636363636364,0.2650717543082769,0.27054636785639813,0.28846153846153844,0.23222024475716938,0.2685786894173171,0.2571428571428571,0.09929862020814116,0.09174116669234433,0.05613625503142735,0.41162608321634303,0.40465249174423057,0.37372262773722625,0.4647096313503609,0.4655872954770474,0.4878048780487805,1.0,1.0,1.0,0.1748405286559149,0.24961174643512637,0.2857142857142857,0.46347387805957246,0.4238162624307591,0.36666666666666664,0.1640154364591551,0.19588686526424776,0.21568627450980393,0.09290384862371723,0.12374156973902845,0.17647058823529413,0.1829924291073218,0.20547573279466544,0.2564102564102564,0.5064277295314024,0.48460436582102084,0.43726053639846746,0.5656465942744324,,,,0.25910694935335776,0.26903084209310385,0.25757575757575757,0.5104181180001276,0.4948144599783328,0.428125,0.23552235953925507,0.25821535511384014,0.24528301886792453,0.5338462273743139,0.5321795453678084,0.40384615384615385,0.3132785681259922,0.404801423662736,0.4117647058823529,0.1800920917418538,0.2798267723298866,0.4044943820224719,0.5982404692082112
65,65,996,267,Juninho Bacuna,0.2651172730535448,0.20651495035810166,0.05194805194805195,0.3188792235785816,0.26522867211400697,0.09278350515463918,0.055746983374166316,0.0323279578954245,0.025133541745561386,0.0,0.022748961058950367,0.0,0.0,0.0,0.08619167944705747,0.06994288258581308,0.019230769230769232,0.7297398975157301,0.6766592351226205,0.22857142857142856,0.12574427760568116,0.09872267123547009,0.028387823471230107,0.6427283338247134,0.3920861525431444,0.06569343065693431,0.8463189412587938,0.8153202230828147,0.2682926829268293,0.08108132927641974,0.07000881213603846,0.0,0.0,0.0,0.0,0.4416523704646643,0.3772646327130223,0.08333333333333333,0.3162742427190764,0.3028411364545818,0.11764705882352941,0.3284386366698101,0.3507249053467541,0.17647058823529413,0.38815475242795744,0.3494320805245175,0.15384615384615385,0.5956616065542771,0.3643242243479449,0.06704980842911877,0.06284962158604804,,,,0.32329718669473506,0.26912583215104224,0.09090909090909091,0.4113399576706692,0.29164197984013535,0.058854166666666666,1.0,0.73422950842228,0.19339622641509435,0.6656662255102724,0.6240667646029833,0.11538461538461539,0.5929533996997937,0.6013953471217626,0.19607843137254902,0.6443211985757862,0.6915941630637765,0.18352059925093633,0.02297165200391007
66,66,1899,963,Yves Bissouma,0.3156180672931776,0.31192818990471666,0.12987012987012986,0.18262992517575788,0.18191476646436208,0.09278350515463918,0.1385486132037157,0.15741692240722507,0.1619027626814124,0.1111111111111111,0.19167307988302287,0.6716198187422362,0.7383509861896029,0.36363636363636365,0.647760052228936,0.48833012738503834,0.25,0.9704421033261259,0.8701993765806034,0.42857142857142855,0.04906277447830257,0.045068558894124235,0.014659714673412937,0.0,0.012566787556263925,0.014598540145985401,0.7172453417162739,0.8416650327583209,0.4146341463414634,0.6404928536098687,0.49074468380612724,0.23404255319148937,0.0,0.0,0.0,0.4802457160243659,0.5070997826214186,0.2,0.1869316526352915,0.1730936370705823,0.09803921568627451,0.03882426631656053,0.040092472369129425,0.029411764705882353,0.1835328953146498,0.15977874191130675,0.10256410256410256,0.034525972664745504,0.045098035389907545,0.038314176245210725,0.18838433695294504,,,,0.6496805474815319,0.5229986152176355,0.25757575757575757,0.07647359006474523,0.09353081619771943,0.049479166666666664,0.23671882421886487,0.17769265586008529,0.07547169811320754,0.37289067552856014,0.43280153933656595,0.1346153846153846,0.5718047870116455,0.5581782028573377,0.27450980392156865,0.10311001250074459,0.03648442495684351,0.06741573033707865,0.16715542521994134
67,67,248,903,Tom Davies,0.3416118302168265,0.31896824378827393,0.11688311688311688,0.14150286587528518,0.1346962254967034,0.061855670103092786,0.1471432127556434,0.11138812174619013,0.10938770002993956,0.06349206349206349,0.13649376635370178,0.0,0.0,0.0,0.23709800054641858,0.21141640857328048,0.09615384615384616,0.3768052516411381,0.3865961199294532,0.17142857142857143,0.0753267921312339,0.06682012958634634,0.022265444964900363,0.23653671752863775,0.21123178075650037,0.06277372262773723,0.6924642970645329,0.7716392758469496,0.34146341463414637,0.40619937614940693,0.36540406250303875,0.14893617021276595,0.0,0.0,0.0,0.5277894232618942,0.5284716742201121,0.18333333333333332,0.18145551437205082,0.19224711680130063,0.09803921568627451,0.0,0.0,0.0,0.22269540400206236,0.22182359630919304,0.1282051282051282,0.30081765251516895,0.2647376880663504,0.0886015325670498,0.14856860809476802,,,,0.2225817321159617,0.20501309390198277,0.09090909090909091,0.2744953410497686,0.265249956916123,0.090625,0.4220143969883068,0.3651970392316963,0.1320754716981132,0.40108322364576415,0.43849374412860637,0.11538461538461539,0.5535580890380346,0.6272966403223864,0.27450980392156865,0.31139190314794907,0.3735270912198281,0.1647940074906367,0.14467253176930597
68,68,1826,707,Aaron Mooy,0.0,0.0,0.012987012987012988,0.11727622529527465,0.11209309176609221,0.07216494845360824,0.22847747192998533,0.08427402146985388,0.08424916419937081,0.07936507936507936,0.2751731568416194,0.2552183490087759,0.29247464863903216,0.18181818181818182,0.7080434786608067,0.5579635676243491,0.36538461538461536,0.2458480472710746,0.22980150964495383,0.14285714285714285,0.13018574888598763,0.10235311114492633,0.04553800167249182,0.5836982085388455,0.36380231868259305,0.19124087591240876,0.25518432725038315,0.273708829373802,0.1951219512195122,0.17670633695428617,0.14667303569309276,0.0851063829787234,0.33318182347936565,0.38443139813002825,0.2857142857142857,0.16620233262090817,0.1699895351515694,0.08333333333333333,0.34096709905248085,0.32911502500543593,0.23529411764705882,0.4130947546212747,0.4446786090621706,0.4117647058823529,0.2789730810429388,0.2531654038503353,0.20512820512820512,0.5647477488614793,0.3532649373828784,0.1977969348659004,0.29318854886475815,,,,0.5808972561883303,0.48745774773172035,0.30303030303030304,0.4080861882187812,0.2941946064229877,0.1671875,0.5895297644818663,0.4444812796907885,0.24056603773584906,0.7349561974128724,0.8186337310884666,0.36538461538461536,0.26452905628199785,0.2634486718801997,0.17647058823529413,0.399517966673328,0.4087308614048693,0.2883895131086142,0.2761485826001955
69,69,350,2111,Wilfred Ndidi,0.8540219954219279,0.7678316248649772,1.0,0.7037513324490752,0.646887679540097,1.0,0.7628755224232575,0.4077333538405351,0.37493473038428327,0.8571428571428571,0.9020932738186861,0.15779290964115866,0.18270726828184042,0.2727272727272727,0.3221847316197955,0.2587727345178738,0.4423076923076923,0.4458653984724027,0.42109675165909893,0.6285714285714286,0.11893615261418036,0.09509877730258573,0.08598926047168275,0.5018923084659065,0.32327069244476886,0.5554744525547445,0.38361962328974697,0.4010983090142316,0.6829268292682927,0.2015489552395402,0.16860161334530693,0.2978723404255319,0.13733006677234955,0.16010142171511363,0.2857142857142857,0.5076107538054933,0.48831222399948077,0.6833333333333333,0.163962146322717,0.15990823749584956,0.27450980392156865,0.0,0.0,0.0,0.20122627048697087,0.18450950480290332,0.358974358974359,0.39271889512725844,0.2654550729977494,0.5210727969348659,1.0,,,,0.5147805333927257,0.4364673631177299,0.6515151515151515,0.29910655160791955,0.2381043761704439,0.4395833333333333,0.3554355489562197,0.27932866563373165,0.42924528301886794,0.7817509674814012,0.8322601355553746,1.0,0.4692539110353626,0.4831177501526389,0.7647058823529411,0.5132114945331183,0.5541636652079286,1.0,0.9506353861192571
70,70,221,1930,Matteo Guendouzi,0.22444718139702458,0.20262053887738574,0.16883116883116883,0.1251232221359226,0.11626041722365239,0.10309278350515463,0.4769347675134618,0.13506708676130255,0.1276743578582181,0.1746031746031746,0.43749422810527955,0.23019552191737613,0.31851548877359914,0.2727272727272727,0.47250552035632687,0.45923565316712295,0.4230769230769231,0.4434878587196469,0.5005243395013701,0.42857142857142855,0.12671079815486438,0.11353669250498029,0.06685586917479037,0.4592407019980838,0.4201673121419721,0.33284671532846716,0.2807706429482671,0.29185276423473505,0.2926829268292683,0.9808514872564937,0.956277435193278,0.851063829787234,0.0,0.0,0.0,0.4727105223334633,0.46056978529085235,0.35,0.23919548687760603,0.27876970031836235,0.27450980392156865,0.017742522378283956,0.023060529335689174,0.029411764705882353,0.2306527909176915,0.2527307722666472,0.28205128205128205,0.5299926680887165,0.4796202025457332,0.3783524904214559,0.48354721948009216,,,,0.22704210187653898,0.23003896411426603,0.19696969696969696,0.5419978760063605,0.49815272439237346,0.3776041666666667,0.41065991116024375,0.40221127495607956,0.3160377358490566,0.4891486207292096,0.5211743581055834,0.34615384615384615,0.36642206624776363,0.46048661890730663,0.4117647058823529,0.17286945614329416,0.252721107653209,0.3333333333333333,0.5205278592375366
71,71,667,2404,Declan Rice,0.27759372331751303,0.2707894501223435,0.33766233766233766,0.34606813767724415,0.3408422317002413,0.4536082474226804,0.6473462863731051,0.3139267707362273,0.31281118428986393,0.6190476190476191,0.8163306141295987,0.30127369081423755,0.35371066295648185,0.45454545454545453,0.23295731433222572,0.19133432057072053,0.28846153846153844,0.3946889651984416,0.37796510841635483,0.4857142857142857,0.08089054585801911,0.06864400489732002,0.04708369868547385,0.33760558763017046,0.23519327713221505,0.3883211678832117,0.0828410486396658,0.08137764309333316,0.1951219512195122,0.06416517011661177,0.0602765568021993,0.10638297872340426,0.07866120759867046,0.09298411696644579,0.14285714285714285,0.38309913018952085,0.40061300493659824,0.48333333333333334,0.09391578066873581,0.09287191893692366,0.13725490196078433,0.0,0.0,0.0,0.08232876876804764,0.0765427903326294,0.1282051282051282,0.2778159619770666,0.20973902205124387,0.3888888888888889,0.8315235274761434,,,,0.20571686287693688,0.1768553314782409,0.22727272727272727,0.3092825169977736,0.2507896844012323,0.3802083333333333,0.3589640594605854,0.28728712522259997,0.37264150943396224,0.5418676005061772,0.6231818402277534,0.6538461538461539,0.21716800025699884,0.2208074989109943,0.3333333333333333,0.1549925231124028,0.13026741648322165,0.4307116104868914,0.8347996089931574
72,72,1190,509,André-Frank Zambo Anguissa,0.32783635782736337,0.3569931463962183,0.1038961038961039,0.2258887782570672,0.24358928761958962,0.09278350515463918,0.04502993698167081,0.29010206288264984,0.32079960183749917,0.15873015873015872,0.11596121286747746,1.0,0.988673950085196,0.36363636363636365,0.8420088455977552,0.5664040767603027,0.21153846153846154,0.8669566408658134,0.69913372184596,0.2571428571428571,0.10095915505602689,0.0753440201327144,0.022826995619770554,0.4646390168658478,0.20982347846438618,0.035036496350364967,0.5251324577426658,0.670770628671876,0.24390243902439024,0.5806783666932241,0.39529245566193694,0.1276595744680851,0.0,0.0,0.0,0.428080803018472,0.49656579150558333,0.13333333333333333,0.05566591319040118,0.046355506553963,0.0196078431372549,0.0,0.0,0.0,0.06831725709731054,0.053487122946880385,0.02564102564102564,0.4132474314748633,0.18275898853651476,0.037835249042145594,0.08719973675551168,,,,0.28450993945205894,0.20597373960108248,0.07575757575757576,0.4365962204377313,0.23303781061038556,0.05520833333333333,0.4101670711521279,0.25743692687204317,0.07075471698113207,0.49096919191379235,0.6320540933146889,0.1346153846153846,1.0,0.8814694646066268,0.3137254901960784,0.19097383269700824,0.08172121807239625,0.03745318352059925,0.06647116324535679
